,high,low,close,high-max,low-min,close-ma,high-low,half,k,up,dn,up-ma,dn-ma
0,79.95,79.28,79.95,,,,0.67,79.62,0.01,81.55,77.69,,
1,80.34,79.47,79.76,,,,0.87,79.9,0.01,81.95,77.88,,
2,79.47,78.99,79.08,,,,0.48,79.23,0.01,81.06,77.41,,
3,80.43,79.66,79.95,,,,0.77,80.04,0.01,82.04,78.07,,
4,84.97,80.15,84.77,,,,4.82,82.56,0.06,95.17,70.53,,
5,86.51,84.2,84.49,,,,2.31,85.36,0.03,91.7,79.15,,
6,86.12,85.06,85.84,,,,1.06,85.59,0.01,87.84,83.36,,
7,85.55,84.0,84.58,,,,1.55,84.78,0.02,88.97,80.64,,
8,85.35,82.75,84.49,,,,2.6,84.05,0.03,90.47,77.78,,
9,85.84,84.58,84.58,,,,1.26,85.21,0.01,87.56,82.89,,
10,85.16,83.42,84.0,,,,1.74,84.29,0.02,88.57,80.08,,
11,85.06,84.29,85.06,,,,0.77,84.68,0.01,86.76,82.6,,
12,85.26,84.49,84.68,,,,0.77,84.88,0.01,86.97,82.8,,
13,85.06,84.39,84.58,,,,0.67,84.72,0.01,86.76,82.7,,
14,85.35,83.81,84.87,,,,1.54,84.58,0.02,88.76,80.46,,
15,87.28,84.39,84.58,,,,2.89,85.84,0.03,92.52,79.33,,
16,86.22,85.16,85.64,,,,1.06,85.69,0.01,87.94,83.46,,
17,86.7,85.84,86.41,,,,0.86,86.27,0.01,88.43,84.12,,
18,88.92,87.57,88.54,,,,1.35,88.24,0.02,92.48,84.07,,
19,89.69,88.54,88.54,89.69,78.99,84.22,1.15,89.12,0.01,91.48,86.77,87.95,80.59
20,88.54,87.19,87.19,89.69,78.99,84.58,1.35,87.86,0.02,92.08,83.7,88.48,80.89
21,88.34,86.9,88.34,89.69,78.99,85.01,1.44,87.62,0.02,91.87,83.42,88.97,81.17
22,88.73,87.86,88.73,89.69,79.66,85.49,0.87,88.3,0.01,90.5,86.1,89.44,81.6
23,96.44,89.98,96.35,96.44,80.15,86.31,6.46,93.21,0.07,109.94,77.38,90.84,81.57
24,101.27,97.41,100.3,101.27,82.75,87.09,3.86,99.34,0.04,109.37,89.62,91.55,82.52
25,105.12,98.37,101.27,105.12,82.75,87.93,6.75,101.74,0.07,119.84,84.6,92.96,82.79
26,104.16,101.75,103.2,105.12,82.75,88.8,2.41,102.96,0.02,108.33,97.68,93.98,83.51
27,105.61,102.23,104.16,105.61,82.75,89.78,3.38,103.92,0.03,111.95,96.1,95.13,84.28
28,105.12,102.71,103.68,105.61,83.42,90.73,2.41,103.92,0.02,109.32,98.6,96.07,85.32
29,103.2,99.34,100.3,105.61,83.42,91.52,3.86,101.27,0.04,111.46,91.39,97.27,85.75
30,103.2,101.27,102.71,105.61,83.81,92.46,1.93,102.24,0.02,107.33,97.22,98.2,86.61
31,112.84,104.16,111.88,112.84,83.81,93.8,8.68,108.5,0.08,130.89,87.49,100.41,86.85
32,114.77,108.98,111.39,114.77,83.81,95.13,5.79,111.88,0.05,126.25,98.08,102.38,87.61
33,111.88,107.05,109.95,114.77,83.81,96.4,4.83,109.46,0.04,120.83,98.49,104.08,88.4
34,112.36,109.95,110.91,114.77,84.39,97.7,2.41,111.16,0.02,116.85,105.55,105.48,89.66
35,114.29,109.95,110.43,114.77,85.16,99.0,4.34,112.12,0.04,123.43,101.15,107.03,90.75
36,113.32,110.91,112.84,114.77,85.84,100.36,2.41,112.12,0.02,117.85,106.47,108.52,91.9
37,117.18,112.84,117.18,117.18,86.9,101.89,4.34,115.01,0.04,126.55,103.81,110.43,92.88
38,119.59,113.32,118.63,119.59,86.9,103.4,6.27,116.46,0.05,131.55,101.99,112.38,93.78
39,120.56,115.73,117.66,120.56,86.9,104.85,4.83,118.15,0.04,130.2,106.47,114.32,94.77
40,120.07,118.14,118.63,120.56,86.9,106.43,1.93,119.1,0.02,124.87,113.41,115.96,96.25
41,116.7,113.8,114.29,120.56,87.86,107.72,2.9,115.25,0.03,123.7,106.97,117.55,97.43
42,115.73,107.54,107.54,120.56,89.98,108.66,8.19,111.64,0.07,131.93,92.48,119.62,97.75
43,110.43,104.16,108.98,120.56,97.41,109.3,6.27,107.3,0.06,123.68,91.66,120.31,98.46
44,113.8,109.95,112.36,120.56,98.37,109.9,3.85,111.88,0.03,120.63,103.35,120.87,99.15
45,114.29,110.91,112.36,120.56,99.34,110.45,3.38,112.6,0.03,121.15,104.26,120.94,100.13
46,111.88,108.98,109.95,120.56,99.34,110.79,2.9,110.43,0.03,118.59,102.44,121.45,100.37
47,112.36,108.98,109.46,120.56,99.34,111.06,3.38,110.67,0.03,119.1,102.44,121.81,100.69
48,111.88,108.5,109.95,120.56,99.34,111.37,3.38,110.19,0.03,118.59,101.99,122.27,100.86
49,110.43,108.98,108.98,120.56,101.27,111.8,1.45,109.71,0.01,112.64,106.8,122.33,101.63
50,108.5,105.61,106.09,120.56,104.16,111.97,2.89,107.06,0.03,115.01,99.27,122.71,101.73
51,109.95,107.05,107.05,120.56,104.16,111.73,2.9,108.5,0.03,116.55,100.63,122.0,102.39
52,108.5,104.64,107.54,120.56,104.16,111.54,3.86,106.57,0.04,117.18,96.27,121.54,102.3
53,109.95,106.57,106.57,120.56,104.16,111.37,3.38,108.26,0.03,116.55,100.18,121.33,102.38
54,112.36,109.95,112.36,120.56,104.16,111.44,2.41,111.16,0.02,116.85,105.55,121.33,102.38
55,110.91,108.02,108.02,120.56,104.16,111.32,2.89,109.46,0.03,117.56,101.54,121.04,102.4
56,110.43,108.02,108.02,120.56,104.16,111.08,2.41,109.22,0.02,114.85,103.7,120.89,102.26
57,111.88,108.02,111.39,120.56,104.16,110.79,3.86,109.95,0.04,120.83,99.38,120.6,102.04
58,111.88,108.02,110.43,120.56,104.16,110.38,3.86,109.95,0.04,120.83,99.38,120.06,101.91
59,111.88,108.5,110.91,120.07,104.16,110.04,3.38,110.19,0.03,118.59,101.99,119.48,101.68
60,112.36,108.98,109.46,116.7,104.16,109.59,3.38,110.67,0.03,119.1,102.44,119.2,101.14
61,110.91,108.02,110.91,115.73,104.16,109.42,2.89,109.46,0.03,117.56,101.54,118.89,100.86
62,112.84,110.91,111.39,114.29,104.16,109.61,1.93,111.88,0.02,117.35,106.47,118.16,101.56
63,113.8,111.88,112.84,114.29,104.64,109.8,1.92,112.84,0.02,118.35,107.4,117.89,102.35
64,115.73,113.32,115.73,115.73,104.64,109.97,2.41,114.52,0.02,120.36,108.79,117.88,102.62
65,117.66,114.29,116.7,117.66,104.64,110.19,3.37,115.98,0.03,124.72,107.43,118.06,102.78
66,119.11,116.7,118.63,119.11,104.64,110.62,2.41,117.9,0.02,123.87,112.03,118.32,103.26
67,123.45,118.63,121.52,123.45,104.64,111.22,4.82,121.04,0.04,133.33,109.14,119.03,103.6
68,126.82,123.45,124.9,126.82,104.64,111.97,3.37,125.14,0.03,134.43,116.04,119.83,104.3
69,122.48,119.11,119.11,126.82,104.64,112.48,3.37,120.8,0.03,129.83,111.96,120.68,104.56
70,125.38,119.59,125.38,126.82,104.64,113.44,5.79,122.48,0.05,137.92,107.63,121.83,104.97
71,129.72,125.38,125.86,129.72,104.64,114.38,4.34,127.55,0.03,137.5,117.86,122.88,105.84
72,127.31,122.0,123.45,129.72,106.57,115.18,5.31,124.66,0.04,137.49,112.24,123.89,106.63
73,124.9,121.04,122.0,129.72,108.02,115.95,3.86,122.97,0.03,132.39,113.78,124.69,107.31
74,123.45,121.52,122.0,129.72,108.02,116.43,1.93,122.48,0.02,128.39,116.66,125.26,107.87
75,124.41,122.97,123.93,129.72,108.02,117.23,1.44,123.69,0.01,126.9,120.51,125.73,108.82
76,125.38,123.93,124.9,129.72,108.02,118.07,1.45,124.66,0.01,127.89,121.45,126.38,109.71
77,122.0,118.63,119.59,129.72,108.02,118.48,3.37,120.32,0.03,129.32,111.51,126.81,110.31
78,121.04,116.22,117.18,129.72,108.02,118.82,4.82,118.63,0.04,130.72,106.92,127.3,110.69
79,120.07,118.14,119.11,129.72,108.02,119.23,1.93,119.1,0.02,124.87,113.41,127.61,111.26
80,118.63,117.18,118.14,129.72,108.02,119.66,1.45,117.9,0.01,121.0,114.84,127.71,111.88
81,118.63,115.73,115.73,129.72,110.91,119.9,2.9,117.18,0.02,123.38,111.1,128.0,112.36
82,117.66,114.77,116.22,129.72,111.88,120.15,2.89,116.22,0.02,122.37,110.18,128.25,112.54
83,118.63,116.7,118.14,129.72,113.32,120.41,1.93,117.66,0.02,123.38,112.03,128.5,112.78
84,119.11,114.77,117.18,129.72,114.29,120.48,4.34,116.94,0.04,128.64,105.59,128.92,112.62
85,116.7,115.25,116.7,129.72,114.77,120.48,1.45,115.98,0.01,119.03,112.94,128.63,112.89
86,119.59,117.66,119.11,129.72,114.77,120.51,1.93,118.62,0.02,124.37,112.95,128.66,112.94
87,119.11,117.18,117.18,129.72,114.77,120.29,1.93,118.15,0.02,123.87,112.49,128.18,113.1
88,117.66,116.7,117.66,129.72,114.77,119.93,0.96,117.18,0.01,120.01,114.37,127.46,113.02
89,117.18,115.73,115.73,129.72,114.77,119.76,1.45,116.46,0.01,119.52,113.42,126.95,113.09
90,117.66,113.32,113.32,129.72,113.32,119.16,4.34,115.49,0.04,127.07,104.25,126.41,112.92
91,114.77,112.84,114.77,127.31,112.84,118.6,1.93,113.8,0.02,119.36,108.33,125.5,112.45
92,115.73,113.32,113.32,125.38,112.84,118.1,2.41,114.52,0.02,120.36,108.79,124.64,112.28
93,116.22,113.8,114.29,125.38,112.84,117.71,2.42,115.01,0.02,120.87,109.25,124.07,112.05
94,114.29,112.84,112.84,125.38,112.84,117.25,1.45,113.56,0.01,116.58,110.58,123.48,111.75
95,114.29,111.88,111.88,125.38,111.88,116.65,2.41,113.08,0.02,118.86,107.4,123.07,111.09
96,110.91,108.02,108.5,122.0,108.02,115.83,2.89,109.46,0.03,117.56,101.54,122.56,110.09
97,108.02,103.68,104.64,121.04,103.68,115.08,4.34,105.85,0.04,116.66,95.39,121.92,109.29
98,109.46,106.09,106.09,120.07,103.68,114.53,3.37,107.78,0.03,116.03,99.72,121.19,108.93
99,108.98,106.57,108.5,119.59,103.68,114.0,2.41,107.78,0.02,113.34,102.31,120.61,108.37
100,113.32,109.95,113.32,119.59,103.68,113.76,3.37,111.64,0.03,120.12,103.35,120.57,107.8
101,112.36,108.98,108.98,119.59,103.68,113.42,3.38,110.67,0.03,119.1,102.44,120.36,107.37
102,106.09,102.23,103.2,119.59,102.23,112.77,3.86,104.16,0.04,114.58,94.05,119.97,106.56
103,102.71,93.07,98.37,119.59,93.07,111.78,9.64,97.89,0.1,123.25,74.46,119.96,104.68
104,101.27,94.71,99.34,119.59,93.07,110.89,6.56,97.99,0.07,115.45,81.45,119.3,103.47
105,102.23,99.82,100.78,119.59,93.07,110.09,2.41,101.02,0.02,106.32,95.83,118.66,102.62
106,98.37,93.65,94.71,119.11,93.07,108.87,4.72,96.01,0.05,108.21,84.29,117.86,101.19
107,103.68,97.41,103.2,117.66,93.07,108.17,6.27,100.54,0.06,116.12,85.72,117.47,99.85
108,102.71,100.3,101.27,117.66,93.07,107.35,2.41,101.5,0.02,106.82,96.29,116.81,98.94
109,102.71,100.78,102.23,117.66,93.07,106.68,1.93,101.74,0.02,106.82,96.75,116.17,98.11
110,106.09,104.16,105.61,116.22,93.07,106.29,1.93,105.12,0.02,110.33,99.99,115.34,97.9
111,106.09,104.16,105.61,116.22,93.07,105.83,1.93,105.12,0.02,110.33,99.99,114.89,97.48
112,108.98,106.57,108.02,116.22,93.07,105.57,2.41,107.78,0.02,113.34,102.31,114.53,97.16
113,109.46,106.57,107.54,114.29,93.07,105.23,2.89,108.01,0.03,116.03,100.18,114.29,96.7
114,106.57,103.68,105.61,114.29,93.07,104.87,2.89,105.12,0.03,112.96,97.46,114.11,96.05
115,107.54,106.09,107.05,113.32,93.07,104.63,1.45,106.82,0.01,109.69,103.97,113.65,95.87
116,109.46,107.54,109.46,113.32,93.07,104.68,1.92,108.5,0.02,113.84,103.24,113.47,95.96
117,110.91,109.46,110.43,113.32,93.07,104.97,1.45,110.18,0.01,113.13,107.27,113.29,96.55
118,111.39,107.05,108.02,113.32,93.07,105.06,4.34,109.22,0.04,120.3,98.49,113.5,96.49
119,108.98,106.57,107.05,113.32,93.07,104.99,2.41,107.78,0.02,113.34,102.31,113.5,96.49
120,108.5,105.12,108.02,112.36,93.07,104.72,3.38,106.81,0.03,115.01,98.81,113.25,96.26
121,108.5,105.12,106.57,111.39,93.07,104.6,3.38,106.81,0.03,115.01,98.81,113.04,96.08
122,107.54,106.09,106.57,111.39,93.07,104.77,1.45,106.82,0.01,109.69,103.97,112.8,96.58
123,107.05,105.61,105.61,111.39,93.65,105.14,1.44,106.33,0.01,109.19,103.5,112.1,98.03
124,107.54,105.61,106.57,111.39,93.65,105.5,1.93,106.58,0.02,111.84,101.39,111.92,99.03
125,110.43,107.54,109.46,111.39,93.65,105.93,2.89,108.99,0.03,117.06,101.09,112.45,99.29
126,110.43,108.02,108.98,111.39,97.41,106.64,2.41,109.22,0.02,114.85,103.7,112.78,100.26
127,108.98,107.54,107.54,111.39,100.3,106.86,1.44,108.26,0.01,111.16,105.39,112.54,101.25
128,108.98,106.09,108.98,111.39,100.78,107.25,2.89,107.54,0.03,115.52,99.72,112.97,101.42
129,108.98,107.54,107.54,111.39,103.68,107.51,1.44,108.26,0.01,111.16,105.39,113.19,101.85
130,106.57,104.64,104.64,111.39,103.68,107.46,1.93,105.6,0.02,110.83,100.45,113.21,101.87
131,106.09,104.64,104.64,111.39,103.68,107.42,1.45,105.36,0.01,108.21,102.55,113.11,102.0
132,108.02,104.64,107.54,111.39,103.68,107.39,3.38,106.33,0.03,114.5,98.36,113.17,101.8
133,109.95,107.05,108.98,111.39,103.68,107.46,2.9,108.5,0.03,116.55,100.63,113.19,101.82
134,110.91,108.98,108.98,111.39,104.64,107.63,1.93,109.94,0.02,115.35,104.62,113.31,102.18
135,109.46,107.05,107.54,111.39,104.64,107.66,2.41,108.26,0.02,113.84,102.77,113.52,102.12
136,108.5,107.54,107.54,111.39,104.64,107.56,0.96,108.02,0.01,110.67,105.39,113.36,102.23
137,109.46,108.02,108.02,111.39,104.64,107.44,1.44,108.74,0.01,111.65,105.86,113.29,102.16
138,108.5,107.54,108.02,110.91,104.64,107.44,0.96,108.02,0.01,110.67,105.39,112.8,102.5
139,108.5,107.54,107.54,110.91,104.64,107.46,0.96,108.02,0.01,110.67,105.39,112.67,102.66
140,112.84,108.02,112.84,112.84,104.64,107.7,4.82,110.43,0.04,121.87,99.38,113.01,102.69
141,113.32,111.39,112.36,113.32,104.64,107.99,1.93,112.35,0.02,117.85,106.93,113.16,103.09
142,112.84,110.91,110.91,113.32,104.64,108.21,1.93,111.88,0.02,117.35,106.47,113.54,103.22
143,112.36,110.91,111.39,113.32,104.64,108.5,1.45,111.64,0.01,114.61,108.69,113.81,103.48
144,110.91,108.98,109.95,113.32,104.64,108.67,1.93,109.94,0.02,115.35,104.62,113.99,103.64
145,111.88,110.43,110.91,113.32,104.64,108.74,1.45,111.16,0.01,114.12,108.22,113.84,104.0
146,112.84,111.39,112.36,113.32,104.64,108.91,1.45,112.12,0.01,115.1,109.16,113.85,104.27
147,113.32,111.88,111.88,113.32,104.64,109.13,1.44,112.6,0.01,115.59,109.64,114.07,104.48
148,115.73,112.36,115.25,115.73,104.64,109.44,3.37,114.04,0.03,122.67,105.62,114.43,104.78
149,115.25,113.8,115.25,115.73,104.64,109.83,1.45,114.52,0.01,117.56,111.52,114.75,105.08
150,114.77,111.88,112.36,115.73,104.64,110.21,2.89,113.32,0.03,121.66,105.17,115.29,105.32
151,111.88,110.43,110.43,115.73,104.64,110.5,1.45,111.16,0.01,114.12,108.22,115.59,105.6
152,111.88,108.02,108.5,115.73,107.05,110.55,3.86,109.95,0.04,120.83,99.38,115.9,105.65
153,112.5,108.5,110.5,115.73,107.05,110.63,4.0,110.5,0.04,121.5,99.82,116.15,105.61
154,112.0,110.0,110.5,115.73,107.05,110.7,2.0,111.0,0.02,116.48,105.6,116.21,105.66
155,111.0,108.5,110.0,115.73,107.54,110.83,2.5,109.75,0.02,115.44,104.16,116.29,105.73
156,112.0,110.0,111.5,115.73,107.54,111.02,2.0,111.0,0.02,116.48,105.6,116.58,105.74
157,111.0,109.0,110.5,115.73,107.54,111.15,2.0,110.0,0.02,115.44,104.64,116.77,105.68
158,111.5,110.0,111.0,115.73,107.54,111.3,1.5,110.75,0.01,113.73,107.8,116.92,105.8
159,111.5,109.5,110.0,115.73,108.02,111.42,2.0,110.5,0.02,115.96,105.12,117.19,105.79
160,113.0,110.0,113.0,115.73,108.02,111.43,3.0,111.5,0.03,119.78,103.4,117.08,105.99
161,113.0,110.5,111.5,115.73,108.02,111.38,2.5,111.75,0.02,117.52,106.08,117.06,105.95
162,112.5,111.0,112.0,115.73,108.02,111.44,1.5,111.75,0.01,114.75,108.78,116.93,106.06
163,112.0,111.0,112.0,115.73,108.02,111.47,1.0,111.5,0.01,114.24,108.78,116.92,106.07
164,113.0,111.0,112.5,115.73,108.02,111.6,2.0,112.0,0.02,117.52,106.56,117.02,106.16
165,112.5,111.0,112.0,115.73,108.02,111.65,1.5,111.75,0.01,114.75,108.78,117.06,106.19
166,112.0,108.5,108.5,115.73,108.02,111.46,3.5,110.25,0.03,118.72,101.99,117.24,105.83
167,109.0,106.0,109.0,115.73,106.0,111.31,3.0,107.5,0.03,115.54,99.64,117.23,105.33
168,109.5,108.0,109.0,115.25,106.0,111.0,1.5,108.75,0.01,111.69,105.84,116.69,105.34
169,110.0,108.0,109.0,114.77,106.0,110.69,2.0,109.0,0.02,114.4,103.68,116.53,104.95
170,109.0,106.5,107.5,113.0,106.0,110.45,2.5,107.75,0.02,113.36,102.24,116.11,104.81
171,107.5,107.5,107.5,113.0,106.0,110.3,0.0,107.5,0.0,107.5,107.5,115.78,104.77
172,107.5,104.5,107.0,113.0,104.5,110.22,3.0,106.0,0.03,113.95,98.23,115.44,104.71
173,106.0,102.5,103.0,113.0,102.5,109.85,3.5,104.25,0.03,112.36,96.35,114.98,104.54
174,106.0,102.0,104.5,113.0,102.0,109.55,4.0,104.0,0.04,114.48,93.84,114.88,103.95
175,108.0,105.5,107.5,113.0,102.0,109.42,2.5,106.75,0.02,112.32,101.28,114.72,103.81
176,109.0,107.5,109.0,113.0,102.0,109.3,1.5,108.25,0.01,111.18,105.35,114.46,103.79
177,109.0,107.5,108.5,113.0,102.0,109.2,1.5,108.25,0.01,111.18,105.35,114.25,103.83
178,109.0,107.0,107.5,113.0,102.0,109.02,2.0,108.0,0.02,113.36,102.72,114.23,103.58
179,108.5,106.5,108.0,113.0,102.0,108.92,2.0,107.5,0.02,112.84,102.24,114.07,103.43
180,109.0,107.5,109.0,113.0,102.0,108.72,1.5,108.25,0.01,111.18,105.35,113.64,103.53
181,111.0,108.0,111.0,113.0,102.0,108.7,3.0,109.5,0.03,117.66,101.52,113.65,103.3
182,112.0,110.0,111.0,113.0,102.0,108.65,2.0,111.0,0.02,116.48,105.6,113.74,103.14
183,113.0,110.5,111.5,113.0,102.0,108.62,2.5,111.75,0.02,117.52,106.08,113.9,103.01
184,113.0,111.5,112.5,113.0,102.0,108.62,1.5,112.25,0.01,115.26,109.27,113.79,103.14
185,113.0,110.5,111.0,113.0,102.0,108.58,2.5,111.75,0.02,117.52,106.08,113.92,103.01
186,110.0,108.0,108.5,113.0,102.0,108.58,2.0,109.0,0.02,114.4,103.68,113.71,103.09
187,109.5,107.0,107.5,113.0,102.0,108.5,2.5,108.25,0.02,113.88,102.72,113.63,103.25
188,107.5,106.0,107.0,113.0,102.0,108.4,1.5,106.75,0.01,109.65,103.88,113.52,103.15
189,108.5,107.0,108.0,113.0,102.0,108.35,1.5,107.75,0.01,110.67,104.86,113.34,103.21
190,108.0,106.5,106.5,113.0,102.0,108.3,1.5,107.25,0.01,110.16,104.37,113.18,103.31
191,108.0,106.5,107.5,113.0,102.0,108.3,1.5,107.25,0.01,110.16,104.37,113.31,103.16
192,110.5,107.5,108.5,113.0,102.0,108.38,3.0,109.0,0.03,117.13,101.05,113.47,103.3
193,109.5,107.5,107.5,113.0,102.0,108.6,2.0,108.5,0.02,113.88,103.2,113.55,103.64
194,109.5,107.0,108.5,113.0,105.5,108.8,2.5,108.25,0.02,113.88,102.72,113.52,104.08
195,107.5,106.0,107.0,113.0,106.0,108.78,1.5,106.75,0.01,109.65,103.88,113.38,104.21
196,108.0,106.0,106.5,113.0,106.0,108.65,2.0,107.0,0.02,112.32,101.76,113.44,104.04
197,108.0,107.0,107.5,113.0,106.0,108.6,1.0,107.5,0.01,110.16,104.86,113.39,104.01
198,108.5,107.0,107.5,113.0,106.0,108.6,1.5,107.75,0.01,110.67,104.86,113.25,104.12
199,107.5,106.0,106.5,113.0,106.0,108.52,1.5,106.75,0.01,109.65,103.88,113.09,104.2
200,105.5,104.5,105.0,113.0,104.5,108.32,1.0,105.0,0.01,107.61,102.41,112.92,104.05
201,106.0,104.0,105.0,113.0,104.0,108.02,2.0,105.0,0.02,110.24,99.84,112.54,103.97
202,105.0,103.0,103.0,113.0,103.0,107.62,2.0,104.0,0.02,109.2,98.88,112.18,103.63
203,105.0,102.5,103.0,113.0,102.5,107.2,2.5,103.75,0.02,109.2,98.4,111.76,103.25
204,102.5,101.0,101.5,113.0,101.0,106.65,1.5,101.75,0.01,104.55,98.98,111.23,102.73
205,104.5,103.0,103.0,110.5,101.0,106.25,1.5,103.75,0.01,106.59,100.94,110.68,102.48
206,107.0,104.0,107.0,110.5,101.0,106.18,3.0,105.5,0.03,113.42,97.76,110.63,102.18
207,108.0,106.5,108.0,110.5,101.0,106.2,1.5,107.25,0.01,110.16,104.37,110.45,102.26
208,107.0,104.5,105.0,110.5,101.0,106.1,2.5,105.75,0.02,111.28,100.32,110.53,102.09
209,106.5,104.5,105.5,110.5,101.0,105.98,2.0,105.5,0.02,110.76,100.32,110.53,101.86
210,107.5,106.5,106.5,110.5,101.0,105.98,1.0,107.0,0.01,109.65,104.37,110.51,101.86
211,110.0,107.5,109.5,110.5,101.0,106.08,2.5,108.75,0.02,114.4,103.2,110.72,101.8
212,111.0,107.0,107.5,111.0,101.0,106.02,4.0,109.0,0.04,119.88,98.44,110.86,101.67
213,109.0,106.5,107.0,111.0,101.0,106.0,2.5,107.75,0.02,113.36,102.24,110.83,101.62
214,108.5,106.5,107.5,111.0,101.0,105.95,2.0,107.5,0.02,112.84,102.24,110.78,101.6
215,108.5,107.0,108.0,111.0,101.0,106.0,1.5,107.75,0.01,110.67,104.86,110.83,101.65
216,108.5,107.0,107.5,111.0,101.0,106.05,1.5,107.75,0.01,110.67,104.86,110.75,101.8
217,109.0,107.0,108.0,111.0,101.0,106.08,2.0,108.0,0.02,113.36,102.72,110.91,101.69
218,109.5,108.0,109.0,111.0,101.0,106.15,1.5,108.75,0.01,111.69,105.84,110.96,101.74
219,109.0,107.5,108.0,111.0,101.0,106.22,1.5,108.25,0.01,111.18,105.35,111.04,101.82
220,109.0,107.5,108.5,111.0,101.0,106.4,1.5,108.25,0.01,111.18,105.35,111.21,101.96
221,108.5,107.0,107.0,111.0,101.0,106.5,1.5,107.75,0.01,110.67,104.86,111.24,102.22
222,108.0,106.5,106.5,111.0,101.0,106.68,1.5,107.25,0.01,110.16,104.37,111.28,102.49
223,108.5,107.0,107.5,111.0,101.0,106.9,1.5,107.75,0.01,110.67,104.86,111.36,102.81
224,108.5,107.5,107.5,111.0,103.0,107.2,1.0,108.0,0.01,110.67,105.35,111.66,103.13
225,108.5,107.5,108.0,111.0,104.0,107.45,1.0,108.0,0.01,110.67,105.35,111.87,103.35
226,109.0,107.5,109.0,111.0,104.5,107.55,1.5,108.25,0.01,111.18,105.35,111.76,103.73
227,108.0,107.0,107.5,111.0,104.5,107.52,1.0,107.5,0.01,110.16,104.86,111.76,103.76
228,108.0,107.0,108.0,111.0,104.5,107.68,1.0,107.5,0.01,110.16,104.86,111.7,103.98
229,109.5,107.5,109.0,111.0,106.5,107.85,2.0,108.5,0.02,113.88,103.2,111.85,104.13
230,109.0,107.5,107.5,111.0,106.5,107.9,1.5,108.25,0.01,111.18,105.35,111.93,104.18
231,109.5,108.0,109.0,111.0,106.5,107.88,1.5,108.75,0.01,111.69,105.84,111.8,104.31
232,110.0,108.0,108.0,110.0,106.5,107.9,2.0,109.0,0.02,114.4,103.68,111.52,104.57
233,109.0,108.0,108.0,110.0,106.5,107.95,1.0,108.5,0.01,111.18,105.84,111.41,104.75
234,108.5,106.5,107.0,110.0,106.5,107.92,2.0,107.5,0.02,112.84,102.24,111.41,104.75
235,107.5,106.5,107.0,110.0,106.5,107.88,1.0,107.0,0.01,109.65,104.37,111.36,104.72
236,108.0,106.5,106.5,110.0,106.5,107.82,1.5,107.25,0.01,110.16,104.37,111.34,104.7
237,107.5,106.5,106.5,110.0,106.5,107.75,1.0,107.0,0.01,109.65,104.37,111.15,104.78
238,107.0,106.0,106.0,110.0,106.0,107.6,1.0,106.5,0.01,109.14,103.88,111.02,104.68
239,106.5,104.5,105.5,110.0,104.5,107.48,2.0,105.5,0.02,110.76,100.32,111.0,104.43
240,106.5,105.0,105.0,110.0,104.5,107.3,1.5,105.75,0.01,108.63,102.9,110.88,104.31
241,105.0,103.5,103.5,110.0,103.5,107.12,1.5,104.25,0.01,107.1,101.43,110.7,104.14
242,105.5,102.5,103.5,110.0,102.5,106.98,3.0,104.0,0.03,111.83,96.35,110.78,103.74
243,105.5,103.0,103.5,110.0,102.5,106.78,2.5,104.25,0.02,109.72,98.88,110.73,103.44
244,106.0,103.5,105.5,110.0,102.5,106.68,2.5,104.75,0.02,110.24,99.36,110.71,103.14
245,107.0,105.0,105.0,110.0,102.5,106.52,2.0,106.0,0.02,111.28,100.8,110.74,102.91
246,106.0,105.0,105.0,110.0,102.5,106.32,1.0,105.5,0.01,108.12,102.9,110.59,102.79
247,107.0,105.0,106.5,110.0,102.5,106.28,2.0,106.0,0.02,111.28,100.8,110.64,102.59
248,107.5,105.0,106.0,110.0,102.5,106.18,2.5,106.25,0.02,111.8,100.8,110.73,102.38
249,107.0,105.0,105.0,110.0,102.5,105.98,2.0,106.0,0.02,111.28,100.8,110.6,102.26
250,106.0,105.0,106.0,110.0,102.5,105.9,1.0,105.5,0.01,108.12,102.9,110.44,102.14
251,106.0,104.5,105.0,110.0,102.5,105.7,1.5,105.25,0.01,108.12,102.41,110.27,101.97
252,106.0,104.5,104.5,109.0,102.5,105.52,1.5,105.25,0.01,108.12,102.41,109.95,101.91
253,105.5,104.0,104.5,108.5,102.5,105.35,1.5,104.75,0.01,107.61,101.92,109.77,101.71
254,105.0,103.5,105.0,108.0,102.5,105.25,1.5,104.25,0.01,107.1,101.43,109.49,101.67
255,106.0,103.5,103.5,108.0,102.5,105.08,2.5,104.75,0.02,110.24,99.36,109.52,101.42
256,104.0,103.0,103.5,107.5,102.5,104.92,1.0,103.5,0.01,106.08,100.94,109.31,101.25
257,104.0,103.0,103.0,107.5,102.5,104.75,1.0,103.5,0.01,106.08,100.94,109.13,101.08
258,104.5,103.0,104.5,107.5,102.5,104.68,1.5,103.75,0.01,106.59,100.94,109.01,100.93
259,104.5,103.5,103.5,107.5,102.5,104.58,1.0,104.0,0.01,106.59,101.43,108.8,100.98
260,104.5,103.5,104.0,107.5,102.5,104.52,1.0,104.0,0.01,106.59,101.43,108.69,100.91
261,105.0,104.0,104.0,107.5,102.5,104.55,1.0,104.5,0.01,107.1,101.92,108.69,100.94
262,105.0,104.0,104.5,107.5,103.0,104.6,1.0,104.5,0.01,107.1,101.92,108.46,101.21
263,105.5,104.5,105.5,107.5,103.0,104.7,1.0,105.0,0.01,107.61,102.41,108.35,101.39
264,105.5,104.5,105.0,107.5,103.0,104.68,1.0,105.0,0.01,107.61,102.41,108.22,101.54
265,105.0,104.0,104.0,107.5,103.0,104.62,1.0,104.5,0.01,107.1,101.92,108.01,101.6
