,close,dif,up,dn,ema-up,ema-dn,rs,rsi
0,79.95,,0.0,0.0,,,,
1,79.76,-0.18999999999999773,0.0,0.18999999999999773,,,,
2,79.08,-0.6800000000000068,0.0,0.6800000000000068,,,,
3,79.95,0.8700000000000045,0.8700000000000045,0.0,,,,
4,84.77,4.819999999999993,4.819999999999993,0.0,,,,
5,84.49,-0.28000000000000114,0.0,0.28000000000000114,,,,
6,85.84,1.3500000000000085,1.3500000000000085,0.0,,,,
7,84.58,-1.2600000000000051,0.0,1.2600000000000051,,,,
8,84.49,-0.09000000000000341,0.0,0.09000000000000341,,,,
9,84.58,0.09000000000000341,0.09000000000000341,0.0,,,,
10,84.0,-0.5799999999999983,0.0,0.5799999999999983,,,,
11,85.06,1.0600000000000023,1.0600000000000023,0.0,0.6108256777673373,0.26330138301608413,2.3198726522831223,69.88
12,84.68,-0.37999999999999545,0.0,0.37999999999999545,0.5047631351552115,0.28356469624461994,1.7800633923758002,64.03
13,84.58,-0.10000000000000853,0.0,0.10000000000000853,0.41881808942069365,0.252309489365982,1.659937921768714,62.41
14,84.87,0.29000000000000625,0.29000000000000625,0.0,0.39723885415399707,0.21004333050945864,1.8912233642006009,65.41
15,84.58,-0.29000000000000625,0.0,0.29000000000000625,0.3315920014534966,0.22325680056552155,1.4852492762305836,59.76
16,85.64,1.0600000000000023,1.0600000000000023,0.0,0.450608976714708,0.18677813865787443,2.412535963537458,70.7
17,86.41,0.769999999999996,0.769999999999996,0.0,0.5023018068178102,0.1565484518955417,3.2086028366027883,76.24
18,88.54,2.1300000000000097,2.1300000000000097,0.0,0.7636503688979208,0.13141251885209485,5.8110930036841575,85.32
19,88.54,0.0,0.0,0.0,0.641854280062684,0.11045327955614488,5.811093003684158,85.32
20,87.19,-1.3500000000000085,0.0,1.3500000000000085,0.5400584063875096,0.30704111154264724,1.7589123608696187,63.75
21,88.34,1.1500000000000057,1.1500000000000057,0.0,0.6363356830346553,0.25857568083975424,2.4609262594536423,71.11
22,88.73,0.39000000000000057,0.39000000000000057,0.0,0.5976073398694588,0.21792299269336202,2.7422867705857366,73.28
23,96.35,7.61999999999999,7.61999999999999,0.0,1.6979422605898031,0.1837767564326381,9.239156754908612,90.23
24,100.3,3.950000000000003,3.950000000000003,0.0,2.049815490213771,0.15506251892258854,13.219284095578862,92.97
25,101.27,0.9699999999999989,0.9699999999999989,0.0,1.8815032845605033,0.13089272805503427,14.374391247842425,93.5
26,103.2,1.9300000000000068,1.9300000000000068,0.0,1.8890472515434078,0.11053154668840624,17.090571046370346,94.47
27,104.16,0.9599999999999937,0.9599999999999937,0.0,1.7447748680374486,0.093367027158485,18.68727024022942,94.92
28,103.68,-0.47999999999998977,0.0,0.47999999999998977,1.4742184117651247,0.15332092088214566,9.615246264391558,90.58
29,100.3,-3.3800000000000097,0.0,3.3800000000000097,1.2458949246059592,0.6530614026236614,1.9077760829235975,65.61
30,102.71,2.4099999999999966,2.4099999999999966,0.0,1.42600300488599,0.5520210085752821,2.5832404613845745,72.09
31,111.88,9.170000000000002,9.170000000000002,0.0,2.623095452099383,0.46668779105395214,5.620664397873944,84.9
32,111.39,-0.4899999999999949,0.0,0.4899999999999949,2.2179074305122066,0.4702888143465334,4.716053971204887,82.51
33,109.95,-1.4399999999999977,0.0,1.4399999999999977,1.8755219616064978,0.6199862338309869,3.0251025898065014,75.16
34,110.91,0.9599999999999937,0.9599999999999937,0.0,1.734264355458633,0.5243273912163114,3.30759823826019,76.79
35,110.43,-0.47999999999998977,0.0,0.47999999999998977,1.4668006607821162,0.5174910817501267,2.8344462590958597,73.92
36,112.84,2.4099999999999966,2.4099999999999966,0.0,1.6122090076750946,0.4377120577406934,3.683263869852517,78.65
37,117.18,4.340000000000003,4.340000000000003,0.0,2.0326049151808783,0.3702536790533702,5.489762911681665,84.59
38,118.63,1.4499999999999886,1.4499999999999886,0.0,1.9428404581202123,0.3132070946375475,6.203053798537114,86.12
39,117.66,-0.9699999999999989,0.0,0.9699999999999989,1.643566917148711,0.4143789318057741,3.9663380326465933,79.86
40,118.63,0.9699999999999989,0.9699999999999989,0.0,1.5398312482061596,0.3505606613530979,4.392481581540559,81.46
41,114.29,-4.339999999999989,0.0,4.339999999999989,1.3027214066144397,0.964871697532105,1.3501498799752008,57.45
42,107.54,-6.75,0.0,6.75,1.102150467448354,1.855567598383073,0.5939694508616982,37.26
43,108.98,1.4399999999999977,1.4399999999999977,0.0,1.154160727317261,1.5699121698633518,0.7351753489609049,42.37
44,112.36,3.3799999999999955,3.3799999999999955,0.0,1.4967837628791274,1.3282558742783617,1.126879083965901,52.98
45,112.36,0.0,0.0,0.0,1.266403384444977,1.1238147929661082,1.126879083965901,52.98
46,109.95,-2.4099999999999966,0.0,2.4099999999999966,1.071496246136445,1.321766473383963,0.8106547319158576,44.77
47,109.46,-0.4900000000000091,0.0,0.4900000000000091,0.9065963712489152,1.1937602504119134,0.7594459364316154,43.16
48,109.95,0.4900000000000091,0.4900000000000091,0.0,0.8424867593994076,1.0100536423446216,0.8341010062037462,45.48
49,108.98,-0.9699999999999989,0.0,0.9699999999999989,0.7128428471956919,1.0038900904150136,0.7100805695780887,41.52
50,106.09,-2.8900000000000006,0.0,2.8900000000000006,0.6031528350571018,1.2941187427624181,0.4660722506573202,31.79
51,107.05,0.9599999999999937,0.9599999999999937,0.0,0.6580616673531101,1.0949899391782996,0.6009750809646083,37.54
52,107.54,0.4900000000000091,0.4900000000000091,0.0,0.6322023327738857,0.9265058842236119,0.6823511253829273,40.56
53,106.57,-0.9700000000000131,0.0,0.9700000000000131,0.5349286794342433,0.9331980954367286,0.5732209292432185,36.44
54,112.36,5.790000000000006,5.790000000000006,0.0,1.3434838745761744,0.7896144745619716,1.7014428152693815,62.98
55,108.02,-4.340000000000003,0.0,4.340000000000003,1.1367761614672627,1.335874899793943,0.8509600424729958,45.97
56,108.02,0.0,0.0,0.0,0.9618747154811078,1.1303406358373538,0.850960042472996,45.97
57,111.39,3.3700000000000045,3.3700000000000045,0.0,1.3323784822491203,0.9564313022985226,1.3930728522237936,58.21
58,110.43,-0.9599999999999937,0.0,0.9599999999999937,1.1273864312673616,0.9569803614967195,1.1780664229139735,54.09
59,110.91,0.47999999999998977,0.47999999999998977,0.0,1.0277841007264399,0.8097460827362482,1.2692671476142372,55.93
60,109.46,-1.4500000000000028,0.0,1.4500000000000028,0.8696575349353748,0.908250382520256,0.9575085809732422,48.91
61,110.91,1.4500000000000028,1.4500000000000028,0.0,0.958943826689078,0.7685151166715208,1.247787852036423,55.51
62,111.39,0.480000000000004,0.480000000000004,0.0,0.885258180927554,0.6502788444955008,1.3613516546341822,57.65
63,112.84,1.4500000000000028,1.4500000000000028,0.0,0.9721435133295475,0.5502336704887789,1.7667830332265584,63.86
64,115.73,2.8900000000000006,2.8900000000000006,0.0,1.2672040344176114,0.4655807078385479,2.7217709262494765,73.13
65,116.7,0.9699999999999989,0.9699999999999989,0.0,1.221479592418299,0.39395174050882004,3.1005817891314833,75.61
66,118.63,1.9299999999999926,1.9299999999999926,0.0,1.3304842336325295,0.3333429455180642,3.9913376044744564,79.97
67,121.52,2.8900000000000006,2.8900000000000006,0.0,1.5704125327876668,0.2820588176635547,5.567677500020176,84.77
68,124.9,3.3800000000000097,3.3800000000000097,0.0,1.8488133505017215,0.23866472541668424,7.7464876607713276,88.57
69,119.11,-5.790000000000006,0.0,5.790000000000006,1.564378153588547,1.092723433684157,1.4316322917265434,58.88
70,125.38,6.269999999999996,6.269999999999996,0.0,2.2883250883313964,0.9246109490524803,2.4749058949349654,71.22
71,125.86,0.480000000000004,0.480000000000004,0.0,2.010119566256311,0.7823622607732935,2.569295155251343,71.98
72,123.45,-2.4099999999999966,0.0,2.4099999999999966,1.700868838665963,1.032769332849515,1.6469009918924429,62.22
73,122.0,-1.4500000000000028,0.0,1.4500000000000028,1.4391955901768814,1.0969589408666542,1.3119867449549594,56.75
74,122.0,0.0,0.0,0.0,1.217780082487569,0.9281954159753157,1.3119867449549594,56.75
75,123.93,1.9300000000000068,1.9300000000000068,0.0,1.3273527131122274,0.7853956838119867,1.690043299792284,62.83
76,124.9,0.9699999999999989,0.9699999999999989,0.0,1.2723752301437194,0.6645652654439236,1.9145978526184095,65.69
77,119.59,-5.310000000000002,0.0,5.310000000000002,1.0766247654470011,1.3792490996340268,0.7805876151977734,43.84
78,117.18,-2.4099999999999966,0.0,2.4099999999999966,0.9109898787862151,1.5378264554936947,0.5923879612890105,37.2
79,119.11,1.9299999999999926,1.9299999999999926,0.0,1.0677609128224055,1.3012373985481271,0.8205734895214154,45.07
80,118.14,-0.9699999999999989,0.0,0.9699999999999989,0.9034897849059387,1.2502777310662108,0.7226312702022305,41.95
81,115.73,-2.4099999999999966,0.0,2.4099999999999966,0.764491200196046,1.4286967422508523,0.5350969016641152,34.86
82,116.22,0.4899999999999949,0.4899999999999949,0.0,0.7222617446105032,1.2088970343585774,0.5974551380992711,37.4
83,118.14,1.9200000000000017,1.9200000000000017,0.0,0.9065293168342428,1.0229127255270178,0.8862235205522417,46.98
84,117.18,-0.9599999999999937,0.0,0.9599999999999937,0.7670631731039694,1.013233838084683,0.7570445678698905,43.09
85,116.7,-0.480000000000004,0.0,0.480000000000004,0.6490533861567956,0.9311978157180253,0.6970091372651315,41.07
86,119.11,2.4099999999999966,2.4099999999999966,0.0,0.9199683819317288,0.7879365434411253,1.1675665884386905,53.87
87,117.18,-1.9299999999999926,0.0,1.9299999999999926,0.778434726313054,0.9636386861776695,0.8078076746801874,44.68
88,117.66,0.47999999999998977,0.47999999999998977,0.0,0.7325216754659085,0.8153865288521867,0.8983735315042225,47.32
89,115.73,-1.9299999999999926,0.0,1.9299999999999926,0.6198259997939767,0.9868655750717348,0.6280754091041445,38.58
90,113.32,-2.410000000000011,0.0,2.410000000000011,0.5244681298351429,1.2058093874825693,0.4349511085911366,30.31
91,114.77,1.4500000000000028,1.4500000000000028,0.0,0.6668576784393931,1.0203002117090465,0.6535896697721723,39.53
92,113.32,-1.4500000000000028,0.0,1.4500000000000028,0.5642641710872309,1.086407883277617,0.5193851957193878,34.18
93,114.29,0.9700000000000131,0.9700000000000131,0.0,0.6266850772959935,0.9192681836157713,0.6817217091437275,40.54
94,112.84,-1.4500000000000028,0.0,1.4500000000000028,0.5302719761267964,1.000919242753081,0.529784975127719,34.63
95,111.88,-0.960000000000008,0.0,0.960000000000008,0.448691663261811,0.994623973954649,0.45111687935471945,31.09
96,108.5,-3.3799999999999955,0.0,3.3799999999999955,0.3796621702729949,1.3616049347074402,0.27883430839252255,21.8
97,104.64,-3.8599999999999994,0.0,3.8599999999999994,0.3212526010812237,1.7459734361297832,0.1839962707527379,15.54
98,106.09,1.4500000000000028,1.4500000000000028,0.0,0.4949060584756217,1.4773621206192074,0.33499306065068973,25.09
99,108.5,2.4099999999999966,2.4099999999999966,0.0,0.789535912009301,1.2500756278909326,0.6315905169204585,38.71
100,113.32,4.819999999999993,4.819999999999993,0.0,1.4096073393241872,1.0577562914781593,1.3326390499217304,57.13
101,108.98,-4.339999999999989,0.0,4.339999999999989,1.1927446631057321,1.5627168821150452,0.7632506417230371,43.29
102,103.2,-5.780000000000001,0.0,5.780000000000001,1.009245477987428,2.211529691329409,0.4563562867567669,31.34
103,98.37,-4.829999999999998,0.0,4.829999999999998,0.8539769384884497,2.614371288756696,0.3266471530501589,24.62
104,99.34,0.9699999999999989,0.9699999999999989,0.0,0.8718266406897964,2.2121603115587445,0.3941064470483539,28.27
105,100.78,1.4399999999999977,1.4399999999999977,0.0,0.9592379285207064,1.8718279489915561,0.5124605223666492,33.88
106,94.71,-6.070000000000007,0.0,6.070000000000007,0.8116628600470763,2.5177005833723585,0.32238259998330965,24.38
107,103.2,8.490000000000009,8.490000000000009,0.0,1.9929455142165937,2.1303620264268797,0.9354961689583033,48.33
108,101.27,-1.9300000000000068,0.0,1.9300000000000068,1.686338508240122,2.099537098903324,0.80319538488792,44.54
109,102.23,0.960000000000008,0.960000000000008,0.0,1.5745941211884642,1.7765313880019131,0.8863305944509259,46.99
110,105.61,3.3799999999999955,3.3799999999999955,0.0,1.852348874232602,1.5032188643524087,1.2322549418182025,55.2
111,105.61,0.0,0.0,0.0,1.5673721222169565,1.271954421951261,1.2322549418182025,55.2
112,108.02,2.4099999999999966,2.4099999999999966,0.0,1.697007181158715,1.0762691250267054,1.5767498497335481,61.19
113,107.54,-0.47999999999998977,0.0,0.47999999999998977,1.4359291518885746,0.984535412992374,1.4584840046781506,59.32
114,105.61,-1.9300000000000068,0.0,1.9300000000000068,1.2150169736728895,1.1299915039610298,1.0752443442395936,51.81
115,107.05,1.4399999999999977,1.4399999999999977,0.0,1.2496297470868323,0.9561466565305508,1.3069435933826372,56.65
116,109.46,2.4099999999999966,2.4099999999999966,0.0,1.4281482481147807,0.8090471704327353,1.7652224744212461,63.84
117,110.43,0.9700000000000131,0.9700000000000131,0.0,1.3576639020572774,0.6845783746395014,1.983211787506759,66.48
118,108.02,-2.410000000000011,0.0,2.410000000000011,1.1487925320243249,0.9500278560814329,1.2092198398926257,54.74
119,107.05,-0.9699999999999989,0.0,0.9699999999999989,0.9720552190574632,0.9531004936134115,1.019887436394236,50.49
120,108.02,0.9699999999999989,0.9699999999999989,0.0,0.9717390315096346,0.8064696481980024,1.2049294523122036,54.65
121,106.57,-1.4500000000000028,0.0,1.4500000000000028,0.8222407187590924,0.9054743178454704,0.9080773496873682,47.59
122,106.57,0.0,0.0,0.0,0.6957421464915257,0.766170576472428,0.9080773496873684,47.59
123,105.61,-0.9599999999999937,0.0,0.9599999999999937,0.5887048930771798,0.7959904878144375,0.739587849464879,42.52
124,106.57,0.9599999999999937,0.9599999999999937,0.0,0.6458272172679009,0.6735304126615517,0.9588686793159382,48.95
125,109.46,2.8900000000000006,2.8900000000000006,0.0,0.9910845687067757,0.5699103491003319,1.739018374155365,63.49
126,108.98,-0.47999999999998977,0.0,0.47999999999998977,0.8386100195817969,0.5560779876918271,1.508079870348233,60.13
127,107.54,-1.4399999999999977,0.0,1.4399999999999977,0.7095930934255842,0.6920659896557015,1.0253257695535685,50.63
128,108.98,1.4399999999999977,1.4399999999999977,0.0,0.821963386793885,0.58559429889286,1.403639667168739,58.4
129,107.54,-1.4399999999999977,0.0,1.4399999999999977,0.6955074810864758,0.7170413298810787,0.9699684691840924,49.24
130,104.64,-2.9000000000000057,0.0,2.9000000000000057,0.5885063301165789,1.0528811253891857,0.5589485041808915,35.85
131,104.64,0.0,0.0,0.0,0.4979668946900317,0.8908994137479178,0.5589485041808914,35.85
132,107.54,2.9000000000000057,2.9000000000000057,0.0,0.8675104494359802,0.7538379654482693,1.150791667702907,53.51
133,108.98,1.4399999999999977,1.4399999999999977,0.0,0.9555857649240809,0.6378628938188355,1.498105273381029,59.97
134,108.98,0.0,0.0,0.0,0.8085725702967704,0.5397301409078731,1.498105273381029,59.97
135,107.54,-1.4399999999999977,0.0,1.4399999999999977,0.6841767902342123,0.6782331961716331,1.0087633487952645,50.22
136,107.54,0.0,0.0,0.0,0.5789188224937711,0.5738896275178478,1.0087633487952645,50.22
137,108.02,0.47999999999998977,0.47999999999998977,0.0,0.5637005421086321,0.4855989155834365,1.1608356691475683,53.72
138,108.02,0.0,0.0,0.0,0.4769773817770889,0.4108913901029124,1.1608356691475685,53.72
139,107.54,-0.47999999999998977,0.0,0.47999999999998977,0.40359624611396444,0.42152348393397254,0.9574703699715666,48.91
140,112.84,5.299999999999997,5.299999999999997,0.0,1.1568891313715939,0.35667371717107804,3.2435502692694724,76.43
141,112.36,-0.480000000000004,0.0,0.480000000000004,0.978906188074781,0.3756469914533974,2.605920479456904,72.27
142,110.91,-1.4500000000000028,0.0,1.4500000000000028,0.8283052360569216,0.5409320696983108,1.5312555539901433,60.49
143,111.39,0.480000000000004,0.480000000000004,0.0,0.774719815123175,0.45771175128021485,1.6925932378976332,62.86
144,109.95,-1.4399999999999977,0.0,1.4399999999999977,0.6555321512544705,0.608833020318593,1.076702690848536,51.85
145,110.91,0.9599999999999937,0.9599999999999937,0.0,0.7023733587549791,0.5151664018056459,1.3633912388175498,57.69
146,112.36,1.4500000000000028,1.4500000000000028,0.0,0.8173928420259321,0.4359100322953707,1.8751411563569393,65.22
147,111.88,-0.480000000000004,0.0,0.480000000000004,0.691640097096564,0.44269310425005376,1.5623466696375135,60.97
148,115.25,3.3700000000000045,3.3700000000000045,0.0,1.1036954667803978,0.37458647282591384,2.946437062860334,74.66
149,115.25,0.0,0.0,0.0,0.9338961641965731,0.31695778469809505,2.9464370628603334,74.66
150,112.36,-2.8900000000000006,0.0,2.8900000000000006,0.7902198312416611,0.7128104332104697,1.1085974537192764,52.58
151,110.43,-1.9299999999999926,0.0,1.9299999999999926,0.6686475495110341,0.9000703665644608,0.742883639268383,42.62
152,108.5,-1.9300000000000068,0.0,1.9300000000000068,0.5657786957392892,1.0585210794019566,0.534499224199619,34.83
153,110.5,2.0,2.0,0.0,0.7864281271654961,0.8956716825697925,0.8780316967363945,46.75
154,110.5,0.0,0.0,0.0,0.665439184523963,0.7578760390967335,0.8780316967363945,46.75
155,110.0,-0.5,0.0,0.5,0.5630639253659379,0.7182028023124298,0.783990153690595,43.95
156,111.5,1.5,1.5,0.0,0.7072079368486879,0.6077100634946833,1.1637258938610207,53.78
157,110.5,-1.0,0.0,1.0,0.5984067157946689,0.6680623614187858,0.8957348151208714,47.25
158,111.0,0.5,0.5,0.0,0.5832672210569834,0.565283536584827,1.0318135648895865,50.78
159,110.0,-1.0,0.0,1.0,0.4935338024326108,0.6321629924950185,0.7807065713934526,43.84
160,113.0,3.0,3.0,0.0,0.8791439866745521,0.534907147495582,1.6435450354153536,62.17
161,111.5,-1.5,0.0,1.5,0.7438910656474591,0.6833829709580622,1.0885419995241734,52.12
162,112.0,0.5,0.5,0.0,0.7063693632401016,0.5782471292720495,1.221570030324827,54.99
163,112.0,0.0,0.0,0.0,0.5976971535107178,0.4892860324608525,1.221570030324827,54.99
164,112.5,0.5,0.5,0.0,0.5826668222013606,0.41401125823602547,1.4073695113604507,58.46
165,112.0,-0.5,0.0,0.5,0.4930257726318394,0.4272402954304951,1.1539776980424041,53.57
166,108.5,-3.5,0.0,3.5,0.4171756537653445,0.8999725576723193,0.4635426382825758,31.67
167,109.0,0.5,0.5,0.0,0.4299178608783767,0.7615152411072574,0.5645558193336592,36.08
168,109.0,0.0,0.0,0.0,0.3637766515124363,0.6443590501676152,0.5645558193336591,36.08
169,109.0,0.0,0.0,0.0,0.3078110128181894,0.5452268886033207,0.5645558193336591,36.08
170,107.5,-1.5,0.0,1.5,0.2604554723846032,0.6921150595874829,0.3763181696116263,27.34
171,107.5,0.0,0.0,0.0,0.22038539971003557,0.5856358196509116,0.37631816961162634,27.34
172,107.0,-0.5,0.0,0.5,0.1864799536007898,0.5724610781661522,0.32575132303870885,24.57
173,103.0,-4.0,0.0,4.0,0.15779072996989224,1.099774758448408,0.14347549692130382,12.55
174,104.5,1.5,1.5,0.0,0.36428446382071966,0.9305786417640036,0.3914601598100108,28.13
175,107.5,3.0,3.0,0.0,0.7697791616945242,0.7874126968772094,0.9776057266378637,49.43
176,109.0,1.5,1.5,0.0,0.8821208291261521,0.6662722819730059,1.323964470672504,56.97
177,108.5,-0.5,0.0,0.5,0.7464099323374968,0.6406919309002327,1.1650059823427468,53.81
178,107.5,-1.0,0.0,1.0,0.631577635054793,0.6959700953771256,0.9074781219048784,47.57
179,108.0,0.5,0.5,0.0,0.6113349219694385,0.5888977730114047,1.0381002441956921,50.93
180,109.0,1.0,1.0,0.0,0.67112954935876,0.49829811562502807,1.3468434423376157,57.39
181,111.0,2.0,2.0,0.0,0.8755711571497329,0.42163686706732667,2.0766000924912533,67.5
182,111.0,0.0,0.0,0.0,0.740867902203613,0.35676965674927297,2.0766000924912533,67.5
183,111.5,0.5,0.5,0.0,0.703811301864594,0.30188201724938235,2.3314118153754784,69.98
184,112.5,1.0,1.0,0.0,0.7493787938854274,0.2554386299802448,2.9336940694654645,74.58
185,111.0,-1.5,0.0,1.5,0.634089748672281,0.4469096099832902,1.4188322079178144,58.66
186,108.5,-2.5,0.0,2.5,0.5365374796457736,0.7627696699858695,0.7034069402047843,41.29
187,107.5,-1.0,0.0,1.0,0.45399325200796037,0.7992666438341981,0.5680122591255514,36.22
188,107.0,-0.5,0.0,0.5,0.3841481363144267,0.753225621705859,0.5100040748008965,33.78
189,108.0,1.0,1.0,0.0,0.47889457688143955,0.6373447568280327,0.7513901569769312,42.9
190,106.5,-1.5,0.0,1.5,0.4052184881304478,0.7700609480852604,0.5262161250197334,34.48
191,107.5,1.0,1.0,0.0,0.49672333611038,0.6515900329952189,0.7623249450686805,43.26
192,108.5,1.0,1.0,0.0,0.5741505151703223,0.551345412534415,1.0413626414901636,51.01
193,107.5,-1.0,0.0,1.0,0.4858196666825797,0.6203691952214287,0.783113781962007,43.92
194,108.5,1.0,1.0,0.0,0.5649243333467988,0.5249277805719775,1.0761943914098808,51.83
195,107.0,-1.5,0.0,1.5,0.47801289744729075,0.6749388912532126,0.7082313727095001,41.46
196,106.5,-0.5,0.0,0.5,0.4044724516861687,0.6480252156757951,0.6241615941817378,38.43
197,107.5,1.0,1.0,0.0,0.4960920745036816,0.5483290286487493,0.9047342901509416,47.5
198,107.5,0.0,0.0,0.0,0.41977021688773025,0.46397071654894145,0.9047342901509415,47.5
199,106.5,-1.0,0.0,1.0,0.35519018352038695,0.5464367601567969,0.6500115098743854,39.39
200,105.0,-1.5,0.0,1.5,0.3005455399018657,0.6931387970557517,0.43360080431003745,30.25
201,105.0,0.0,0.0,0.0,0.2543077645323478,0.5865020590471742,0.43360080431003745,30.25
202,103.0,-2.0,0.0,2.0,0.2151834930658327,0.8039632807322248,0.2676533844553824,21.11
203,103.0,0.0,0.0,0.0,0.18207834028647377,0.6802766221580362,0.2676533844553824,21.11
204,101.5,-1.5,0.0,1.5,0.15406628793470856,0.8063879110568,0.19105728870959787,16.04
205,103.0,1.5,1.5,0.0,0.36113301286783056,0.6823282324326768,0.5292658220814019,34.61
206,107.0,4.0,4.0,0.0,0.9209587031958573,0.5773546582122648,1.5951351393743605,61.47
207,108.0,1.0,1.0,0.0,0.933118902704187,0.4885308646411471,1.9100510740290981,65.64
208,105.0,-3.0,0.0,3.0,0.7895621484420042,0.8749107316194324,0.9024488098123443,47.44
209,105.5,0.5,0.5,0.0,0.7450141256047728,0.7403090806010582,1.0063555143750156,50.16
210,106.5,1.0,1.0,0.0,0.784242721665577,0.626415375893203,1.2519531797049661,55.59
211,109.5,3.0,3.0,0.0,1.12512845679395,0.5300437796019409,2.1227085386020628,67.98
212,107.5,-2.0,0.0,2.0,0.9520317711333421,0.7561908904324117,1.2589833905416963,55.73
213,107.0,-0.5,0.0,0.5,0.8055653448051356,0.7167769072889638,1.1238717885764382,52.92
214,107.5,0.5,0.5,0.0,0.7585552917581916,0.6065035369368155,1.2507021732953498,55.57
215,108.0,0.5,0.5,0.0,0.7187775545646236,0.5131953004849977,1.4005926279631542,58.34
216,107.5,-0.5,0.0,0.5,0.6081963923239122,0.5111652542565366,1.1898234225808293,54.33
217,108.0,0.5,0.5,0.0,0.5915507935048488,0.43252444590937705,1.3676701955218298,57.76
218,109.0,1.0,1.0,0.0,0.6543891329656414,0.3659822234617805,1.7880352952005583,64.13
219,108.0,-1.0,0.0,1.0,0.553713881740158,0.4635234198522758,1.1945758467104548,54.43
220,108.5,0.5,0.5,0.0,0.5454502076262876,0.39221212449038717,1.3907020552590188,58.17
221,107.0,-1.5,0.0,1.5,0.4615347910683972,0.5626410284149431,0.8203006317698166,45.06
222,106.5,-0.5,0.0,0.5,0.39052943859633604,0.5530039471203364,0.7061964758659397,41.39
223,107.5,1.0,1.0,0.0,0.4842941403507459,0.4679264167941308,1.034979268041232,50.86
224,107.5,0.0,0.0,0.0,0.40978734952755425,0.3959377372873414,1.0349792680412322,50.86
225,108.0,0.5,0.5,0.0,0.42366621883100747,0.335024239243135,1.2645837799322421,55.84
226,109.0,1.0,1.0,0.0,0.5123329543954679,0.283482048590345,1.807285353492811,64.38
227,107.5,-1.5,0.0,1.5,0.4335124998730882,0.47063865649952275,0.9211153692674368,47.95
228,108.0,0.5,0.5,0.0,0.44374134604645926,0.39823270934574995,1.1142764911889702,52.7
229,109.0,1.0,1.0,0.0,0.5293196005008501,0.33696613867717295,1.5708391430035036,61.1
230,107.5,-1.5,0.0,1.5,0.44788581580841164,0.515894425034531,0.868173397645134,46.47
231,109.0,1.5,1.5,0.0,0.6097495364532715,0.4365260519522954,1.3968227869247685,58.28
232,108.0,-1.0,0.0,1.0,0.5159419154604604,0.5232143516519423,0.9861004650034529,49.65
233,108.0,0.0,0.0,0.0,0.4365662361588511,0.44271983601318193,0.9861004650034528,49.65
234,107.0,-1.0,0.0,1.0,0.3694021998267201,0.5284552458573079,0.6990226754726269,41.14
235,107.0,0.0,0.0,0.0,0.3125710921610709,0.44715443880233735,0.6990226754726269,41.14
236,106.5,-0.5,0.0,0.5,0.2644832318285984,0.45528452514043927,0.5809185624023013,36.75
237,106.5,0.0,0.0,0.0,0.22379350385496785,0.3852407520419101,0.5809185624023013,36.75
238,106.0,-0.5,0.0,0.5,0.18936373403112663,0.4028960209585393,0.4700064636543368,31.97
239,105.5,-0.5,0.0,0.5,0.16023085187249178,0.41783509465722557,0.38347868314876343,27.72
240,105.0,-0.5,0.0,0.5,0.13557995158441613,0.4304758493253447,0.3149536769528448,23.95
241,103.5,-1.5,0.0,1.5,0.11472149749450596,0.5950180263522148,0.19280339823956485,16.16
242,103.5,0.0,0.0,0.0,0.09707203634150503,0.5034767915287971,0.19280339823956485,16.16
243,103.5,0.0,0.0,0.0,0.0821378769043504,0.42601882360128984,0.1928033982395648,16.16
244,105.5,2.0,2.0,0.0,0.37719358814983506,0.3604774661241683,1.046372169127234,51.13
245,105.0,-0.5,0.0,0.5,0.31916380535755273,0.3819424713358347,0.8356331890540607,45.52
246,105.0,0.0,0.0,0.0,0.27006168145639076,0.32318209113032165,0.8356331890540607,45.52
247,106.5,1.5,1.5,0.0,0.4592829612323307,0.2734617694179644,1.6795143328804893,62.68
248,106.0,-0.5,0.0,0.5,0.3886240441196644,0.30831380489212373,1.2604821385005465,55.76
249,105.0,-1.0,0.0,1.0,0.328835729639716,0.4147270656779509,0.792896718959422,44.22
250,106.0,1.0,1.0,0.0,0.43209177123360587,0.3509229017274969,1.2313011465097803,55.18
251,105.0,-1.0,0.0,1.0,0.3656161141207434,0.4507809168463435,0.8110727416736898,44.78
252,104.5,-0.5,0.0,0.5,0.3093674811790906,0.4583530834853676,0.6749545106724842,40.3
253,104.5,0.0,0.0,0.0,0.26177248407461506,0.38783722448761865,0.6749545106724842,40.3
254,105.0,0.5,0.5,0.0,0.2984228711400589,0.3281699591818311,0.9093546279618785,47.63
255,103.5,-1.5,0.0,1.5,0.2525116601954344,0.5084515039230879,0.49662879988969644,33.18
256,103.5,0.0,0.0,0.0,0.2136637124730599,0.4302281956272282,0.4966287998896965,33.18
257,103.0,-0.5,0.0,0.5,0.18079237209258914,0.4409623193768854,0.4099950588704791,29.08
258,104.5,1.5,1.5,0.0,0.3837473917706524,0.3731219625496722,1.0284770940535715,50.7
259,103.5,-1.0,0.0,1.0,0.3247093314982443,0.4695647375420304,0.6915113200321603,40.88
260,104.0,0.5,0.5,0.0,0.3516771266523606,0.39732400868941026,0.8851142114778874,46.95
261,104.0,0.0,0.0,0.0,0.2975729533212282,0.3361972381218087,0.8851142114778873,46.95
262,104.5,0.5,0.5,0.0,0.328715575887193,0.28447458610306886,1.1555182499434065,53.61
263,105.5,1.0,1.0,0.0,0.4319901026737788,0.24070926516413516,1.7946550681346345,64.22
264,105.0,-0.5,0.0,0.5,0.3655300868778128,0.2806001474465759,1.302672469006478,56.57
265,104.0,-1.0,0.0,1.0,0.30929468889661077,0.3912770478394104,0.7904749092861506,44.15
