,Date,Open,High,Low,Close,Volume,SMA5,EMA5,WMA5,CMA,CBI,BIAS,MACD-DIF,MACD-DEM,MACD-OSC,MTM,MTM-SMA,CMO,RSI-F,RSI-S,RSI-SM,KDJ-RSV,KDJ-K,KDJ-D,KDJ-J,KDJ-J2,ATR,OBV,OBV-SMA,BBANDS-UP,BBANDS-SMA,BBANDS-DN,CDP-AH,CDP-NH,CDP,CDP-NL,CDP-AL,LOHAS-AH,LOHAS-NH,LOHAS-T,LOHAS-NL,LOHAS-AL,LOHAS-UP,LOHAS-MD,LOHAS-DN,DC-UP,DC-MD,DC-DN
0,2020-12-01,79.57,79.95,79.28,79.95,24728091,,,,79.95,,,,,,,,,,,,50.0,50.0,50.0,50.0,50.0,,12364046.0,,,,,,,,,,121.24,112.75,104.26,95.77,87.28,,,,,,
1,2020-12-02,80.05,80.34,79.47,79.76,34377676,,,,79.86,,,,,,,,,,,,50.0,50.0,50.0,50.0,50.0,,17188838.0,,,,,80.45,80.28,79.78,79.61,79.11,121.26,112.77,104.28,95.79,87.3,,,,,,
2,2020-12-03,79.37,79.47,78.99,79.08,30592924,,,,79.6,,,,,,,,,,,,50.0,50.0,50.0,50.0,50.0,,15296462.0,,,,,80.7,80.2,79.83,79.33,78.96,121.28,112.79,104.3,95.81,87.32,,,,,,
3,2020-12-04,80.05,80.43,79.66,79.95,47939163,,,,79.68,,,,,,,,,,,,50.0,50.0,50.0,50.0,50.0,,23969582.0,,,,,79.64,79.32,79.16,78.84,78.68,121.3,112.81,104.32,95.83,87.34,,,,,,
4,2020-12-07,80.34,84.97,80.15,84.77,163202466,80.7,81.41,81.36,80.7,,0.05,,,,,,,,,,50.0,50.0,50.0,50.0,50.0,,81601233.0,,85.31,80.7,76.1,80.77,80.34,80.0,79.56,79.23,121.32,112.83,104.34,95.85,87.36,,,,,,
5,2020-12-08,85.26,86.51,84.2,84.49,118078656,81.61,82.44,82.62,81.33,,0.04,,,,,,,87.07,,,50.0,50.0,50.0,50.0,50.0,,59039328.0,,87.17,81.61,76.05,88.48,87.18,83.66,82.36,78.84,121.34,112.85,104.36,95.87,87.38,,,,,,
6,2020-12-09,85.35,86.12,85.06,85.84,67687451,82.83,83.57,84.03,81.98,,0.04,,,,,,,90.91,,,50.0,50.0,50.0,50.0,50.0,,33843726.0,,88.99,82.83,76.67,87.23,85.64,84.92,83.34,82.61,121.36,112.87,104.38,95.89,87.4,,,,,,
7,2020-12-10,85.26,85.55,84.0,84.58,54001144,83.93,83.91,84.61,82.3,,0.01,,,,,,,65.47,,,50.0,50.0,50.0,50.0,50.0,,27000572.0,,88.5,83.93,79.35,86.78,86.37,85.72,85.31,84.66,121.38,112.89,104.4,95.91,87.42,,,,,,
8,2020-12-11,85.35,85.35,82.75,84.49,61132200,84.83,84.1,84.8,82.55,,-0.0,,,,,,,63.69,,,73.14,57.71,52.57,42.29,67.99,,30566100.0,,85.98,84.83,83.69,86.23,85.36,84.68,83.81,83.13,121.4,112.91,104.42,95.93,87.44,,,,,,
9,2020-12-14,85.16,85.84,84.58,84.58,47831161,84.8,84.26,84.72,82.75,,-0.0,,,,,,,65.02,,,74.34,63.25,56.13,41.89,77.49,,23915580.0,,85.97,84.8,83.63,86.87,85.79,84.27,83.19,81.67,121.42,112.93,104.44,95.95,87.46,,,,,,
10,2020-12-15,85.16,85.16,83.42,84.0,38829235,84.7,84.17,84.45,82.86,,-0.01,,,,,,,48.84,,70.17,66.62,64.37,58.88,47.9,75.35,,19414618.0,,86.06,84.7,83.33,86.16,85.21,84.9,83.95,83.64,121.44,112.95,104.46,95.97,87.48,,,,,,
11,2020-12-16,84.87,85.06,84.29,85.06,46567554,84.54,84.47,84.57,83.05,,0.01,,,,,,,68.74,69.88,67.11,78.83,69.19,62.32,48.58,82.93,,23283777.0,,85.3,84.54,83.79,85.88,84.87,84.14,83.13,82.4,121.47,112.98,104.49,96.0,87.51,,,,,,
12,2020-12-17,85.16,85.26,84.49,84.68,28002430,84.56,84.54,84.62,83.17,,0.0,,,,4.73,,,57.51,64.03,61.55,71.23,69.87,64.84,54.78,79.93,,14001215.0,,85.33,84.56,83.8,85.64,85.44,84.87,84.68,84.1,121.49,113.0,104.51,96.02,87.53,,,,,,
13,2020-12-18,84.97,85.06,84.39,84.58,27662859,84.58,84.55,84.63,83.27,,0.0,,,,4.82,,,54.25,62.41,59.68,48.67,62.8,64.16,66.88,60.08,1.62,13831430.0,,85.34,84.58,83.82,85.55,85.07,84.78,84.3,84.01,121.51,113.02,104.53,96.04,87.55,,,,,,
14,2020-12-21,84.97,85.35,83.81,84.87,28796357,84.64,84.66,84.72,83.38,,0.0,,,,5.79,,,62.82,65.41,59.53,62.91,62.84,63.72,65.48,61.08,1.61,14398178.0,,85.44,84.64,83.84,85.32,84.92,84.65,84.24,83.98,121.53,113.04,104.55,96.06,87.57,,,,,,
15,2020-12-22,84.87,87.28,84.39,84.58,93748698,84.75,84.63,84.7,83.45,,-0.0,,,,4.63,,,49.77,59.76,56.99,40.4,55.36,60.93,72.07,44.22,1.7,46874349.0,,85.17,84.75,84.34,86.26,85.64,84.72,84.1,83.18,121.55,113.06,104.57,96.08,87.59,,,,,,
16,2020-12-23,85.35,86.22,85.16,85.64,56084453,84.87,84.97,85.0,83.58,,0.01,,,,0.87,,,75.65,70.7,61.46,63.8,58.17,60.01,63.69,54.49,1.7,28042226.0,,85.76,84.87,83.98,88.1,86.03,85.21,83.14,82.32,121.57,113.08,104.59,96.1,87.61,,,,,,
17,2020-12-24,86.32,86.7,85.84,86.41,41068845,85.22,85.45,85.51,83.74,,0.01,,,,1.92,,,84.02,76.24,64.0,77.46,64.6,61.54,55.42,70.72,1.65,20534422.0,,86.81,85.22,83.62,86.72,86.17,85.66,85.11,84.6,121.59,113.1,104.61,96.12,87.63,,,,,,
18,2020-12-25,87.67,88.92,87.57,88.54,113953143,86.01,86.48,86.62,83.99,,0.03,,,,2.7,,,93.15,85.32,69.94,93.09,74.1,65.73,48.99,90.84,1.71,56976572.0,,89.18,86.01,82.84,87.2,86.84,86.34,85.98,85.48,121.61,113.12,104.63,96.14,87.65,,,,,,
19,2020-12-28,89.11,89.69,88.54,88.54,67270084,86.74,87.17,87.46,84.22,,0.02,,,,3.96,,,93.15,85.32,76.43,80.44,76.21,69.22,55.24,90.19,1.67,33635042.0,29788865.0,90.27,86.74,83.21,89.74,89.22,88.39,87.87,87.04,121.63,113.14,104.65,96.16,87.67,87.95,84.22,80.59,89.69,84.34,78.99
20,2020-12-29,88.54,88.54,87.19,87.19,45541806,87.26,87.17,87.61,84.36,,-0.0,,,,2.7,,,54.49,63.75,75.04,57.48,69.97,69.47,68.47,70.97,1.65,22770903.0,30309208.0,89.84,87.26,84.69,89.98,89.12,88.83,87.97,87.68,121.65,113.16,104.67,96.18,87.69,88.48,84.58,80.89,89.69,84.34,78.99
21,2020-12-30,87.76,88.34,86.9,88.34,40032714,87.8,87.56,87.97,84.54,,0.01,,,,3.76,,,69.56,71.11,78.34,77.04,72.33,70.42,66.6,76.15,1.63,20016357.0,30450584.0,89.73,87.8,85.88,88.88,87.86,87.53,86.52,86.18,121.67,113.18,104.69,96.2,87.71,88.97,85.01,81.17,89.69,84.34,78.99
22,2020-12-31,88.25,88.73,87.86,88.73,32172356,88.27,87.95,88.28,84.72,,0.01,,,,4.73,,,73.69,73.28,78.01,83.67,76.11,72.32,64.74,83.69,1.58,16086178.0,30490069.0,89.5,88.27,87.03,89.42,89.06,87.98,87.62,86.54,121.69,113.2,104.71,96.22,87.73,89.44,85.49,81.6,89.69,84.68,79.66
23,2021-01-04,90.08,96.44,89.98,96.35,232054808,89.83,90.75,90.97,85.21,,0.07,2.21,,,11.29,4.32,,94.42,90.23,79.74,99.25,83.82,76.15,60.81,99.16,2.02,116027404.0,35092960.0,97.22,89.83,82.44,89.38,89.16,88.51,88.3,87.64,121.72,113.23,104.74,96.25,87.76,90.84,86.31,81.57,96.44,88.3,80.15
24,2021-01-05,97.41,101.27,97.41,100.3,232720464,92.18,93.93,94.46,85.81,,0.09,2.93,,,15.62,5.23,,96.45,92.97,80.29,93.98,87.21,79.84,65.1,101.95,2.23,116360232.0,36830910.0,103.8,92.18,80.57,101.24,99.58,94.78,93.12,88.32,121.74,113.25,104.76,96.27,87.78,91.55,87.09,82.52,101.27,92.01,82.75
25,2021-01-06,103.68,105.12,98.37,101.27,220680394,95.0,96.38,97.49,86.41,,0.07,3.53,,,16.69,6.22,67.21,96.85,93.5,80.91,80.03,84.82,81.5,74.86,91.46,2.55,110340197.0,39395954.0,107.36,95.0,82.63,103.68,102.23,99.82,98.37,95.96,121.76,113.27,104.78,96.29,87.8,92.96,87.93,82.79,105.12,93.94,82.75
26,2021-01-07,104.16,104.16,101.75,103.2,113608177,97.97,98.65,100.23,87.03,,0.05,4.09,,,18.33,7.27,69.09,97.59,94.47,88.09,89.46,86.37,83.12,76.62,92.87,2.57,56804088.0,40543972.0,109.44,97.97,86.5,108.26,104.64,101.51,97.89,94.76,121.78,113.29,104.8,96.31,87.82,93.98,88.8,83.51,105.12,93.94,82.75
27,2021-01-08,105.12,105.61,102.23,104.16,114222138,101.06,100.49,102.29,87.64,,0.03,4.54,,,19.58,8.51,70.89,97.93,94.92,92.82,92.25,88.33,84.86,77.92,95.27,2.63,57111069.0,42049497.0,107.14,101.06,94.97,105.49,104.4,103.08,102.0,100.67,121.8,113.31,104.82,96.33,87.84,95.13,89.78,84.28,105.61,94.18,82.75
28,2021-01-11,104.16,105.12,102.71,103.68,70025114,102.52,101.55,103.17,88.19,,0.01,4.81,,,18.04,9.94,71.89,89.11,90.58,95.39,89.68,88.78,86.17,80.95,94.0,2.61,35012557.0,42271820.0,105.84,102.52,99.21,107.42,105.85,104.04,102.47,100.66,121.82,113.33,104.84,96.35,87.86,96.07,90.73,85.32,105.61,94.52,83.42
29,2021-01-12,102.71,103.2,99.34,100.3,105949230,102.52,101.13,102.42,88.6,,-0.02,4.71,,,13.89,10.94,55.4,47.21,65.61,87.52,71.62,83.06,85.13,89.27,78.92,2.73,52974615.0,43724771.0,105.84,102.52,99.21,106.21,104.88,103.8,102.48,101.39,121.84,113.35,104.86,96.37,87.88,97.27,91.52,85.75,105.61,94.52,83.42
30,2021-01-13,101.27,103.2,101.27,102.71,78943569,102.81,101.66,102.49,89.05,,-0.0,4.75,,,14.17,11.9,52.27,64.07,72.09,82.13,83.66,83.26,84.51,87.01,80.76,2.74,39471784.0,44727630.0,105.82,102.81,99.8,104.64,102.23,100.78,98.37,96.92,121.86,113.37,104.88,96.39,87.9,98.2,92.46,86.61,105.61,94.71,83.81
31,2021-01-14,105.12,112.84,104.16,111.88,316406354,104.55,105.07,105.51,89.77,,0.07,5.4,4.25,1.15,23.34,13.51,63.39,86.7,84.9,80.44,95.8,87.44,85.49,81.59,91.34,3.27,158203177.0,51473600.0,113.27,104.55,95.82,104.4,103.68,102.47,101.74,100.54,121.88,113.39,104.9,96.41,87.92,100.41,93.8,86.85,112.84,98.32,83.81
32,2021-01-15,113.8,114.77,108.98,111.39,170231060,105.99,107.17,107.79,90.42,,0.05,5.8,4.56,1.24,24.2,15.3,60.33,82.8,82.51,77.97,80.53,85.14,85.37,85.83,84.68,3.45,85115530.0,55029316.0,116.59,105.99,95.39,118.87,116.22,110.19,107.54,101.51,121.9,113.41,104.92,96.43,87.94,102.38,95.13,87.61,114.77,99.29,83.81
33,2021-01-18,111.39,111.88,107.05,109.95,94781807,107.25,108.1,109.11,91.0,,0.03,5.94,4.84,1.1,21.61,16.79,59.65,69.87,75.16,73.29,70.61,80.3,83.68,90.44,73.54,3.55,47390904.0,56707289.0,117.96,107.25,96.53,117.42,114.28,111.63,108.49,105.84,121.92,113.43,104.94,96.45,87.96,104.08,96.4,88.4,114.77,99.29,83.81
34,2021-01-19,110.91,112.36,109.95,110.91,86180045,109.37,109.04,110.33,91.56,,0.01,6.04,5.08,0.96,22.18,18.24,60.88,73.7,76.79,70.73,74.98,78.53,81.96,88.82,71.67,3.47,43090022.0,58141881.0,116.95,109.37,101.79,114.54,112.37,109.71,107.54,104.88,121.94,113.45,104.96,96.47,87.98,105.48,97.7,89.66,114.77,99.58,84.39
35,2021-01-20,112.36,114.29,109.95,110.43,132669313,110.91,109.5,110.69,92.09,,-0.0,6.01,5.27,0.74,14.08,18.48,59.03,67.67,73.92,74.13,71.87,76.31,80.08,87.62,68.77,3.53,66334656.0,59114897.0,112.44,110.91,109.39,113.44,112.12,111.03,109.7,108.62,121.97,113.48,104.99,96.5,88.01,107.03,99.0,90.75,114.77,99.96,85.16
36,2021-01-21,112.36,113.32,110.91,112.84,86888141,111.1,110.61,111.33,92.65,,0.02,6.09,5.43,0.66,12.54,18.22,63.22,79.47,78.65,76.7,87.49,80.04,80.07,80.13,79.98,3.48,43444070.0,59884989.0,113.32,111.1,108.89,115.62,112.6,111.28,108.26,106.94,121.99,113.5,105.01,96.52,88.03,108.52,100.36,91.9,114.77,100.3,85.84
37,2021-01-22,113.32,117.18,112.84,117.18,220512284,112.26,112.8,113.35,93.29,,0.04,6.4,5.62,0.78,15.91,18.16,65.69,89.31,84.59,77.14,100.0,86.69,82.28,73.46,95.51,3.54,110256142.0,64371075.0,118.18,112.26,106.34,114.89,114.04,112.48,111.64,110.07,122.01,113.52,105.03,96.54,88.05,110.43,101.89,92.88,117.18,102.04,86.9
38,2021-01-25,117.66,119.59,113.32,118.63,140354341,114.0,114.75,115.48,93.94,,0.04,6.67,5.83,0.84,15.43,17.91,67.94,91.27,86.12,78.55,94.76,89.38,84.65,75.19,98.84,3.74,70177170.0,65031105.0,121.43,114.0,106.57,120.44,119.35,116.1,115.01,111.76,122.03,113.54,105.05,96.56,88.07,112.38,103.4,93.78,119.59,103.24,86.9
39,2021-01-26,118.14,120.56,115.73,117.66,128809261,115.35,115.72,116.7,94.54,,0.02,6.73,6.01,0.72,13.5,17.41,65.07,77.91,79.86,79.89,82.32,87.03,85.44,82.26,90.21,3.82,64404630.0,66569584.0,122.42,115.35,108.28,123.81,121.76,117.54,115.49,111.27,122.05,113.56,105.07,96.58,88.09,114.32,104.85,94.77,120.56,103.73,86.9
40,2021-01-27,119.59,120.07,118.14,118.63,88077943,116.99,116.69,117.79,95.12,,0.01,6.76,6.16,0.6,14.95,17.15,65.53,81.66,81.46,81.21,85.71,86.59,85.82,84.28,88.13,3.72,44038972.0,67632988.0,121.79,116.99,112.18,122.73,120.08,117.9,115.24,113.07,122.07,113.58,105.09,96.6,88.11,115.96,106.43,96.25,120.56,103.73,86.9
41,2021-01-28,115.73,116.7,113.8,114.29,123343574,117.28,115.89,116.89,95.58,,-0.03,6.38,6.21,0.17,13.99,17.16,53.46,39.54,57.45,76.53,53.59,75.59,82.41,96.05,61.95,3.8,61671787.0,69715759.0,120.85,117.28,113.71,120.8,119.59,118.87,117.66,116.94,122.09,113.6,105.11,96.62,88.13,117.55,107.72,97.43,120.56,104.21,87.86
42,2021-01-29,114.77,115.73,107.54,107.54,180839900,115.35,113.11,113.65,95.86,,-0.07,5.51,6.07,-0.56,4.83,16.38,35.75,18.62,37.26,66.39,0.0,50.39,71.74,114.44,7.69,4.11,90419950.0,73432448.0,124.78,115.35,105.92,117.67,115.74,114.77,112.84,111.87,122.11,113.62,105.13,96.64,88.15,119.62,108.66,97.75,120.56,105.27,89.98
43,2021-02-01,107.05,110.43,104.16,108.98,125774649,113.42,111.73,111.52,96.16,,-0.04,4.87,5.83,-0.96,-2.9,14.19,36.44,29.73,42.37,56.46,29.39,43.39,62.29,100.09,5.59,4.26,62887324.0,70775444.0,123.43,113.42,103.41,117.78,111.64,109.59,103.44,101.4,122.13,113.64,105.15,96.66,88.17,120.31,109.3,98.46,120.56,108.98,97.41
44,2021-02-02,110.91,113.8,109.95,112.36,83620277,112.36,111.94,111.17,96.52,,0.0,4.56,5.57,-1.01,0.97,12.26,37.7,51.48,52.98,49.82,50.0,45.59,56.72,78.98,23.33,4.3,41810138.0,67047939.0,121.17,112.36,103.55,114.41,112.12,108.14,105.84,101.87,122.15,113.66,105.17,96.68,88.19,120.87,109.9,99.15,120.56,109.46,98.37
45,2021-02-03,113.8,114.29,110.91,112.36,56279288,111.11,112.08,111.17,96.86,,0.01,4.27,5.31,-1.04,2.41,10.66,37.7,51.48,52.98,45.42,50.0,47.06,53.5,66.38,34.18,4.23,28139644.0,62937911.0,116.63,111.11,105.58,115.97,114.29,112.12,110.44,108.27,122.17,113.68,105.19,96.7,88.21,120.94,110.45,100.13,120.56,109.95,99.34
46,2021-02-04,110.43,111.88,108.98,109.95,63941176,110.24,111.37,110.78,97.14,,-0.0,3.81,5.01,-1.2,-0.96,8.73,35.43,35.93,44.77,37.8,35.3,43.14,50.05,63.87,29.32,4.17,31970588.0,61696236.0,114.47,110.24,106.0,115.86,114.05,112.48,110.67,109.1,122.19,113.7,105.21,96.72,88.23,121.45,110.79,100.37,120.56,109.95,99.34
47,2021-02-05,110.91,112.36,108.98,109.46,87886466,110.62,110.73,110.53,97.4,,-0.01,3.36,4.68,-1.32,-0.97,7.48,33.22,33.09,43.16,36.72,32.32,39.53,46.54,60.56,25.51,4.11,43943233.0,61037845.0,113.87,110.62,107.38,113.09,111.4,110.19,108.5,107.29,122.21,113.72,105.23,96.74,88.25,121.81,111.06,100.69,120.56,109.95,99.34
48,2021-02-17,110.91,111.88,108.5,109.95,91093426,110.82,110.47,110.3,97.65,,-0.01,3.01,4.35,-1.34,-2.89,6.19,33.32,39.76,45.48,40.24,36.39,38.48,43.85,54.59,27.74,4.06,45546713.0,61564552.0,113.66,110.82,107.97,113.44,111.15,110.06,107.77,106.68,122.24,113.75,105.26,96.77,88.28,122.27,111.37,100.86,120.56,109.95,99.34
49,2021-02-18,109.46,110.43,108.98,108.98,47106193,110.14,109.97,109.69,97.88,,-0.01,2.63,4.0,-1.37,-8.2,4.18,22.15,31.15,41.52,40.48,38.44,38.47,42.06,49.24,31.29,3.87,23553096.0,60093476.0,112.75,110.14,107.53,113.45,111.64,110.07,108.26,106.69,122.26,113.77,105.28,96.79,88.3,122.33,111.8,101.63,120.56,110.92,101.27
50,2021-02-19,108.02,108.5,105.61,106.09,85959400,108.89,108.68,108.34,98.04,,-0.03,2.09,3.62,-1.53,-12.54,1.85,10.34,16.37,31.79,34.63,16.68,31.21,38.44,52.9,16.75,3.83,42979700.0,60268872.0,112.11,108.89,105.66,110.79,109.7,109.34,108.26,107.89,122.28,113.79,105.3,96.81,88.32,122.71,111.97,101.73,120.56,112.36,104.16
51,2021-02-22,107.54,109.95,107.05,107.05,60362039,108.31,108.14,107.73,98.21,,-0.01,1.71,3.24,-1.53,-10.61,-0.16,10.33,31.49,37.54,31.3,28.53,30.32,35.73,46.55,19.5,3.83,30181020.0,53867764.0,111.62,108.31,104.99,109.46,107.54,106.57,104.65,103.68,122.3,113.81,105.32,96.83,88.34,122.0,111.73,102.39,120.56,112.36,104.16
52,2021-02-23,105.61,108.5,104.64,107.54,50872508,107.92,107.94,107.47,98.39,,-0.0,1.44,2.88,-1.44,-11.09,-2.33,7.96,39.33,40.56,31.86,30.05,30.23,33.9,41.24,22.89,3.83,25436254.0,50883801.0,111.0,107.92,104.84,110.68,108.5,107.78,105.6,104.88,122.32,113.83,105.34,96.85,88.36,121.54,111.54,102.3,120.56,112.36,104.16
53,2021-02-24,108.02,109.95,106.57,106.57,54709354,107.25,107.48,107.02,98.54,,-0.01,1.13,2.53,-1.4,-7.72,-4.14,4.42,29.86,36.44,31.33,20.0,26.82,31.54,40.98,17.38,3.8,27354677.0,49881989.0,109.47,107.25,105.03,110.92,109.47,107.06,105.61,103.2,122.34,113.85,105.36,96.87,88.38,121.33,111.37,102.38,120.56,112.36,104.16
54,2021-02-25,110.91,112.36,109.95,112.36,112185849,107.92,109.11,108.73,98.79,,0.04,1.3,2.28,-0.98,4.82,-4.14,14.51,76.71,62.98,37.48,100.0,51.21,38.1,11.88,77.43,3.94,56092924.0,50532134.0,113.0,107.92,102.84,110.8,108.26,107.42,104.88,104.03,122.36,113.87,105.38,96.89,88.4,121.33,111.44,102.38,120.56,112.36,104.16
55,2021-02-26,110.43,110.91,108.02,108.02,120238472,108.31,108.75,108.76,98.96,,-0.0,1.1,2.05,-0.95,-0.96,-3.98,12.7,45.1,45.97,39.81,43.78,48.73,41.64,27.46,62.91,3.97,60119236.0,50221363.0,112.97,108.31,103.65,114.17,113.56,111.76,111.15,109.35,122.38,113.89,105.4,96.91,88.42,121.04,111.32,102.4,120.56,112.36,104.16
56,2021-03-02,110.43,110.43,108.02,108.02,53842839,108.5,108.5,108.66,99.12,,-0.0,0.94,1.83,-0.89,-4.34,-4.42,9.09,45.1,45.97,44.6,43.78,47.08,43.45,36.19,54.34,3.86,26921420.0,49395231.0,112.97,108.5,104.03,111.63,109.47,108.74,106.58,105.85,122.4,113.91,105.42,96.93,88.44,120.89,111.08,102.26,120.56,112.36,104.16
57,2021-03-03,108.98,111.88,108.02,111.39,86556063,109.27,109.47,109.63,99.33,,0.02,1.04,1.67,-0.63,-0.97,-4.7,-0.93,66.26,58.21,50.39,87.44,60.53,49.14,26.36,83.31,3.86,43278032.0,46046325.0,114.22,109.27,104.33,111.03,109.22,108.62,106.82,106.21,122.42,113.93,105.44,96.95,88.46,120.6,110.79,102.04,120.56,112.36,104.16
58,2021-03-04,111.39,111.88,108.02,110.43,79169388,110.04,109.79,110.01,99.52,,0.0,1.04,1.54,-0.5,0.48,-4.58,-1.81,57.43,54.09,53.41,75.0,65.35,54.54,32.92,86.97,3.86,39584694.0,44516702.0,113.98,110.04,106.1,114.53,113.32,110.67,109.46,106.81,122.44,113.95,105.46,96.97,88.48,120.06,110.38,101.91,120.56,112.36,104.16
59,2021-03-05,109.46,111.88,108.5,110.91,86577805,109.75,110.16,110.3,99.71,,0.01,1.06,1.45,-0.39,1.45,-4.38,1.84,61.06,55.93,58.61,81.22,70.64,59.91,38.45,92.1,3.83,43288902.0,43460915.0,112.99,109.75,106.52,114.05,112.36,110.19,108.5,106.33,122.46,113.97,105.48,96.99,88.5,119.48,110.04,101.68,120.07,112.12,104.16
60,2021-03-08,111.88,112.36,108.98,109.46,54467978,110.04,109.93,110.2,99.87,,-0.01,0.95,1.35,-0.4,-0.49,-4.18,-2.76,44.87,48.91,53.3,62.44,67.91,62.58,51.92,78.57,3.8,27233989.0,42620666.0,112.72,110.04,107.37,113.93,112.6,110.55,109.22,107.17,122.49,114.0,105.51,97.02,88.53,119.2,109.59,101.14,116.7,110.43,104.16
61,2021-03-09,108.98,110.91,108.02,110.91,43931623,110.62,110.26,110.49,100.04,,0.0,0.97,1.27,-0.3,1.93,-3.34,0.9,59.8,55.51,55.75,74.96,70.26,65.14,54.9,80.5,3.74,21965812.0,40635367.0,112.08,110.62,109.16,113.44,111.15,110.06,107.77,106.68,122.51,114.02,105.53,97.04,88.55,118.89,109.42,100.86,115.73,109.94,104.16
62,2021-03-10,111.88,112.84,110.91,111.39,47780881,110.62,110.63,110.75,100.22,,0.01,1.01,1.22,-0.21,5.3,-1.85,-2.81,64.28,57.65,58.95,69.92,70.15,66.81,60.13,76.83,3.61,23890440.0,37308892.0,112.08,110.62,109.16,113.08,112.36,110.19,109.46,107.3,122.53,114.04,105.55,97.06,88.57,118.16,109.61,101.56,114.29,109.22,104.16
63,2021-03-11,112.36,113.8,111.88,112.84,75529976,111.1,111.37,111.49,100.42,,0.02,1.13,1.2,-0.07,5.79,-0.48,-8.9,75.72,63.86,60.53,83.39,74.56,69.39,59.05,84.9,3.52,37764988.0,36052775.0,113.53,111.1,108.68,113.56,112.35,111.63,110.42,109.7,122.55,114.06,105.57,97.08,88.59,117.89,109.8,102.35,114.29,109.46,104.64
64,2021-03-12,113.32,115.73,113.32,115.73,95891682,112.07,112.82,113.03,100.66,,0.03,1.42,1.25,0.17,8.19,1.12,-5.78,87.18,73.13,65.48,100.0,83.04,73.94,55.74,101.24,3.48,47945841.0,36359560.0,116.82,112.07,107.31,114.76,113.8,112.84,111.88,110.92,122.57,114.08,105.59,97.1,88.61,117.88,109.97,102.62,115.73,110.18,104.64
65,2021-03-15,115.73,117.66,114.29,116.7,69445679,113.51,114.12,114.58,100.9,,0.03,1.71,1.34,0.37,10.13,2.61,-1.91,89.51,75.61,70.23,90.04,85.37,77.75,62.51,100.61,3.47,34722840.0,36688720.0,118.69,113.51,108.34,117.54,116.94,115.13,114.52,112.72,122.59,114.1,105.61,97.12,88.63,118.06,110.19,102.78,117.66,111.15,104.64
66,2021-03-16,117.18,119.11,116.7,118.63,93143082,115.06,115.62,116.28,101.16,,0.03,2.05,1.48,0.57,6.27,2.73,0.0,93.03,79.97,78.25,95.67,88.8,81.43,66.69,103.54,3.39,46571541.0,37418768.0,120.91,115.06,109.2,119.71,118.38,116.34,115.02,112.97,122.61,114.12,105.63,97.14,88.65,118.32,110.62,103.26,119.11,111.88,104.64
67,2021-03-17,119.11,123.45,118.63,121.52,143286602,117.08,117.59,118.43,101.46,,0.04,2.5,1.68,0.82,13.5,3.94,14.55,95.91,84.77,84.27,87.49,88.36,83.74,74.5,97.6,3.49,71643301.0,38803771.0,123.57,117.08,110.6,120.68,119.84,118.27,117.42,115.86,122.63,114.14,105.65,97.16,88.67,119.03,111.22,103.6,123.45,114.04,104.64
68,2021-03-18,123.45,126.82,123.45,124.9,138285317,119.5,120.02,121.04,101.8,,0.05,3.07,1.96,1.11,16.88,5.71,37.48,97.56,88.57,89.82,89.79,88.84,85.44,78.64,95.64,3.62,69142658.0,39983568.0,126.98,119.5,112.01,126.1,123.93,121.28,119.11,116.46,122.65,114.16,105.67,97.18,88.69,119.83,111.97,104.3,126.82,115.73,104.64
69,2021-03-19,122.48,122.48,119.11,119.11,162495850,120.17,119.72,120.91,102.05,,-0.01,3.06,2.18,0.88,7.72,6.43,19.99,49.58,58.88,85.46,58.99,78.89,83.26,92.0,70.15,3.78,81247925.0,42868310.0,126.48,120.17,113.87,128.39,126.58,125.02,123.22,121.65,122.67,114.18,105.69,97.2,88.71,120.68,112.48,104.56,126.82,115.73,104.64
70,2021-03-22,119.59,125.38,119.59,125.38,108447343,121.91,121.61,122.65,102.38,,0.03,3.47,2.44,1.03,14.95,7.63,24.31,71.12,71.22,82.79,90.95,82.91,83.14,83.6,82.45,3.96,54223672.0,43430508.0,128.21,121.91,115.6,123.32,120.8,119.95,117.42,116.58,122.69,114.2,105.71,97.22,88.73,121.83,113.44,104.97,126.82,115.73,104.64
71,2021-03-23,128.27,129.72,125.38,125.86,113002380,123.35,123.02,123.96,102.71,114.0,0.02,3.78,2.71,1.07,14.95,8.76,24.98,72.38,71.98,79.93,78.36,81.39,82.56,84.9,79.05,3.99,56501190.0,44746517.0,129.2,123.35,117.51,129.72,128.28,123.93,122.49,118.14,122.71,114.22,105.73,97.24,88.75,122.88,114.38,105.84,129.72,117.18,104.64
72,2021-03-24,125.38,127.31,122.0,123.45,80879262,123.74,123.17,124.0,102.99,114.78,-0.0,3.8,2.93,0.87,13.99,9.97,24.98,55.35,62.22,73.65,61.77,74.85,79.99,90.27,64.57,4.08,40439631.0,45496686.0,129.22,123.74,118.26,131.05,128.03,126.7,123.69,122.36,122.74,114.25,105.76,97.27,88.78,123.89,115.18,106.63,129.72,118.14,106.57
73,2021-03-25,122.48,124.9,121.04,122.0,64485260,123.16,122.78,123.42,103.25,115.3,-0.01,3.66,3.07,0.59,11.09,10.73,22.8,46.19,56.75,65.36,49.97,66.56,75.51,93.41,48.66,4.06,32242630.0,45741083.0,128.64,123.16,117.68,129.36,126.11,124.05,120.8,118.74,122.76,114.27,105.78,97.29,88.8,124.69,115.95,107.31,129.72,118.87,108.02
74,2021-03-26,122.97,123.45,121.52,122.0,52856534,123.74,122.52,123.03,103.5,115.66,-0.01,3.51,3.16,0.35,10.61,11.17,22.11,46.19,56.75,56.8,40.71,57.94,69.65,93.07,34.52,3.91,26428267.0,44257850.0,127.39,123.74,120.09,126.34,123.93,122.48,120.07,118.62,122.78,114.29,105.8,97.31,88.82,125.26,116.43,107.87,129.72,118.87,108.02
75,2021-03-29,123.45,124.41,122.97,123.93,41198716,123.45,122.99,123.09,103.77,116.39,0.0,3.48,3.22,0.26,11.09,11.61,26.95,62.41,62.83,58.94,47.79,54.56,64.62,84.74,34.44,3.8,20599358.0,42281857.0,126.65,123.45,120.25,124.17,122.97,122.24,121.04,120.31,122.8,114.31,105.82,97.33,88.84,125.73,117.23,108.82,129.72,118.87,108.02
76,2021-03-30,124.9,125.38,123.93,124.9,46587752,123.26,123.63,123.58,104.04,116.88,0.01,3.5,3.28,0.22,9.17,11.7,35.13,68.99,65.69,58.58,54.57,54.56,61.27,74.69,41.14,3.63,23293876.0,42100479.0,125.78,123.26,120.74,125.25,124.65,123.81,123.21,122.37,122.82,114.33,105.84,97.35,88.86,126.38,118.07,109.71,129.72,118.87,108.02
77,2021-03-31,120.56,122.0,118.63,119.59,130007897,122.48,122.28,122.36,104.24,116.92,-0.02,3.07,3.24,-0.17,2.89,11.09,21.66,29.47,43.84,51.43,8.66,39.26,53.93,83.27,9.92,3.82,65003948.0,43186775.0,126.58,122.48,118.39,126.23,125.62,124.78,124.18,123.33,122.84,114.35,105.86,97.37,88.88,126.81,118.48,110.31,129.72,118.87,108.02
78,2021-04-01,120.07,121.04,116.22,117.18,97056517,121.52,120.58,120.59,104.4,116.83,-0.04,2.53,3.1,-0.57,-1.45,10.45,16.12,21.61,37.2,45.81,7.11,28.54,45.47,79.33,-5.32,3.89,48528258.0,43633953.0,127.85,121.52,115.19,123.32,121.28,119.95,117.9,116.58,122.86,114.37,105.88,97.39,88.9,127.3,118.82,110.69,129.72,118.87,108.02
79,2021-04-07,119.59,120.07,118.14,119.11,33781367,120.94,120.09,119.78,104.59,116.9,-0.02,2.21,2.92,-0.71,-2.41,9.12,20.63,39.66,45.07,44.72,21.41,26.16,39.03,64.77,0.42,3.82,16890684.0,42314042.0,127.57,120.94,114.31,122.72,119.59,117.9,114.77,113.08,122.88,114.39,105.9,97.41,88.92,127.61,119.23,111.26,129.72,118.87,108.02
80,2021-04-08,118.63,118.63,117.18,118.14,38840858,119.78,119.44,118.85,104.75,116.77,-0.01,1.87,2.71,-0.84,-6.76,7.15,10.33,34.13,41.95,42.71,17.31,23.21,33.76,54.86,2.11,3.68,19420429.0,41923364.0,125.8,119.78,113.77,121.04,120.07,119.11,118.14,117.18,122.9,114.41,105.92,97.43,88.94,127.71,119.66,111.88,129.72,118.87,108.02
81,2021-04-09,118.63,118.63,115.73,115.73,80329342,117.95,118.2,117.5,104.89,116.54,-0.02,1.4,2.45,-1.05,-3.38,6.23,14.27,22.98,34.86,36.14,0.0,15.47,27.66,52.04,-8.91,3.62,40164671.0,42833307.0,121.05,117.95,114.85,119.47,118.86,118.02,117.42,116.57,122.92,114.43,105.94,97.45,88.96,128.0,119.9,112.36,129.72,120.32,110.91
82,2021-04-12,115.73,117.66,114.77,116.22,69260254,117.28,117.54,116.92,105.02,116.18,-0.01,1.06,2.17,-1.11,-9.16,4.22,15.04,29.53,37.4,29.56,13.67,14.87,23.4,40.46,-2.19,3.57,34630127.0,43370292.0,120.04,117.28,114.51,119.36,117.18,116.46,114.28,113.56,122.94,114.45,105.96,97.47,88.98,128.25,120.15,112.54,129.72,120.8,111.88
83,2021-04-13,117.18,118.63,116.7,118.14,49602834,117.47,117.74,117.21,105.18,116.14,0.01,0.91,1.92,-1.01,-7.72,2.33,12.72,51.95,46.98,33.31,31.76,20.5,22.43,26.29,16.64,3.49,24801417.0,42722113.0,120.33,117.47,114.61,119.11,117.66,116.22,114.78,113.33,122.96,114.47,105.98,97.49,89.0,128.5,120.41,112.78,129.72,121.52,113.32
84,2021-04-14,118.63,119.11,114.77,117.18,53282943,117.08,117.55,117.11,105.32,116.19,0.0,0.72,1.68,-0.96,-6.27,0.64,12.72,42.49,43.09,36.79,22.71,21.24,22.03,23.61,19.66,3.55,26641472.0,41656895.0,119.28,117.08,114.89,119.83,119.1,117.9,117.18,115.97,122.99,114.5,106.01,97.52,89.03,128.92,120.48,112.62,129.72,122.0,114.29
85,2021-04-15,116.7,116.7,115.25,116.7,39497137,116.79,117.27,116.99,105.45,116.14,-0.0,0.53,1.45,-0.92,-5.3,-0.72,10.91,37.68,41.07,36.46,26.69,23.06,22.37,20.99,24.44,3.43,19748568.0,40908181.0,118.65,116.79,114.94,121.4,119.35,117.06,115.01,112.72,123.01,114.52,106.03,97.54,89.05,128.63,120.48,112.89,129.72,122.24,114.77
86,2021-04-16,117.66,119.59,117.66,119.11,52975405,117.47,117.88,117.76,105.61,116.34,0.01,0.55,1.27,-0.72,-2.89,-1.85,17.86,65.28,53.87,41.65,69.22,38.45,27.73,6.29,59.89,3.39,26487702.0,39903989.0,119.79,117.47,115.15,117.79,117.43,116.34,115.98,114.89,123.03,114.54,106.05,97.56,89.07,128.66,120.51,112.94,129.72,122.24,114.77
87,2021-04-19,119.11,119.11,117.18,117.18,32187002,117.66,117.65,117.66,105.74,116.43,-0.0,0.42,1.1,-0.68,-6.75,-3.34,11.5,43.62,44.68,45.09,45.47,40.79,32.08,14.66,58.21,3.29,16093501.0,37126499.0,119.59,117.66,115.73,120.8,120.08,118.87,118.15,116.94,123.05,114.56,106.07,97.58,89.09,128.18,120.29,113.1,129.72,122.24,114.77
88,2021-04-20,117.18,117.66,116.7,117.66,26160003,117.57,117.65,117.66,105.88,116.51,0.0,0.35,0.95,-0.6,-7.24,-4.7,11.5,49.46,47.32,48.41,59.96,47.18,37.11,16.97,67.32,3.12,13080002.0,34323366.0,119.42,117.57,115.71,119.59,118.15,117.66,116.22,115.73,123.07,114.58,106.09,97.6,89.11,127.46,119.93,113.02,129.72,122.24,114.77
89,2021-04-21,116.7,117.18,115.73,115.73,34814313,117.28,117.01,117.05,105.99,116.46,-0.01,0.14,0.79,-0.65,-3.86,-5.27,5.26,31.25,38.58,44.96,19.92,38.09,37.44,36.14,39.39,3.03,17407156.0,31131328.0,119.77,117.28,114.78,118.38,118.14,117.42,117.18,116.46,123.09,114.6,106.11,97.62,89.13,126.95,119.76,113.09,129.72,122.24,114.77
90,2021-04-22,117.66,117.66,113.32,113.32,67451616,116.6,115.78,115.73,106.07,116.28,-0.03,-0.2,0.59,-0.79,-3.86,-5.47,-4.42,19.01,30.31,41.05,0.0,25.39,33.42,49.48,9.33,3.12,33725808.0,30106435.0,120.99,116.6,112.21,117.54,116.46,116.09,115.0,114.64,123.11,114.62,106.13,97.64,89.15,126.41,119.16,112.92,129.72,121.52,113.32
91,2021-04-23,112.84,114.77,112.84,114.77,39251297,115.73,115.44,115.12,106.16,116.18,-0.01,-0.36,0.4,-0.76,-4.34,-5.63,-3.51,39.1,39.53,41.29,28.59,26.46,31.1,40.38,17.18,3.03,19625648.0,28262658.0,119.28,115.73,112.19,118.74,115.49,114.4,111.15,110.06,123.13,114.64,106.15,97.66,89.17,125.5,118.6,112.45,127.31,120.08,112.84
92,2021-04-26,115.25,115.73,113.32,113.32,40961898,114.96,114.74,114.32,106.24,115.88,-0.01,-0.58,0.2,-0.78,-4.82,-5.47,-9.74,29.02,34.18,35.24,7.11,20.01,27.4,42.18,5.23,2.99,20480949.0,27264724.0,118.61,114.96,111.31,116.22,115.73,114.29,113.8,112.36,123.15,114.66,106.17,97.68,89.19,124.64,118.1,112.28,125.38,119.11,112.84
93,2021-04-27,114.29,116.22,113.8,114.29,54358808,114.29,114.59,114.09,106.32,115.75,0.0,-0.67,0.03,-0.7,-1.44,-5.3,-13.75,42.82,40.54,35.11,21.48,20.5,25.1,34.3,11.3,2.98,27179404.0,27011562.0,116.33,114.29,112.24,116.33,114.52,113.92,112.12,111.51,123.17,114.68,106.19,97.7,89.21,124.07,117.71,112.05,125.38,119.11,112.84
94,2021-04-28,113.8,114.29,112.84,112.84,38888642,113.71,114.0,113.61,106.39,115.45,-0.01,-0.84,-0.14,-0.7,-3.38,-4.82,-23.81,30.44,34.63,31.94,0.0,13.67,21.29,36.53,-1.57,2.87,19444321.0,26662365.0,115.3,113.71,112.12,117.07,115.5,114.65,113.08,112.23,123.19,114.7,106.21,97.72,89.23,123.48,117.25,111.75,125.38,119.11,112.84
95,2021-04-29,113.8,114.29,111.88,111.88,45671359,113.42,113.3,113.0,106.45,115.14,-0.01,-1.04,-0.32,-0.72,-6.26,-4.7,-15.78,24.0,31.09,30.73,0.0,9.11,17.23,33.47,-7.13,2.84,22835680.0,26774181.0,115.72,113.42,111.12,114.65,113.56,113.2,112.12,111.75,123.21,114.72,106.23,97.74,89.25,123.07,116.65,111.09,125.38,118.63,111.88
96,2021-05-03,110.91,110.91,108.02,108.5,71622387,112.17,111.7,111.36,106.47,114.62,-0.03,-1.42,-0.54,-0.88,-8.68,-4.9,-39.31,11.75,21.8,29.52,4.98,7.73,14.06,26.72,-4.93,2.91,35811194.0,27400047.0,116.62,112.17,107.71,114.89,113.08,112.48,110.68,110.07,123.23,114.74,106.25,97.76,89.27,122.56,115.83,110.09,122.0,115.01,108.02
97,2021-05-04,108.02,108.02,103.68,104.64,86723115,110.43,109.35,108.85,106.45,113.76,-0.05,-1.99,-0.83,-1.16,-12.06,-5.46,-45.81,6.47,15.54,24.08,6.87,7.44,11.85,20.67,-1.38,3.05,43361558.0,26317927.0,118.18,110.43,102.68,111.87,109.94,108.98,107.06,106.09,123.26,114.77,106.28,97.79,89.3,121.92,115.08,109.29,121.04,112.36,103.68
98,2021-05-05,106.09,109.46,106.09,106.09,65337936,108.79,108.26,107.41,106.45,113.03,-0.02,-2.31,-1.13,-1.18,-13.02,-6.31,-38.27,24.35,25.09,23.31,17.24,10.71,11.47,12.99,9.19,3.18,32668968.0,25524963.0,115.9,108.79,101.68,109.58,106.81,105.24,102.47,100.91,123.28,114.79,106.3,97.81,89.32,121.19,114.53,108.93,120.07,111.88,103.68
99,2021-05-06,108.02,108.98,106.57,108.5,37607241,107.92,108.34,107.31,106.47,112.49,0.01,-2.35,-1.37,-0.98,-8.68,-6.47,-29.15,47.64,38.71,24.11,38.44,19.95,14.3,3.0,31.25,3.16,18803620.0,25620610.0,113.44,107.92,102.4,110.3,107.78,106.93,104.41,103.56,123.3,114.81,106.32,97.83,89.34,120.61,114.0,108.37,119.59,111.64,103.68
100,2021-05-07,110.43,113.32,109.95,113.32,60426256,108.21,110.0,109.11,106.54,112.37,0.05,-1.99,-1.5,-0.49,-4.34,-6.23,-16.97,71.88,57.13,31.02,76.87,38.92,22.51,-10.31,71.74,3.28,30213128.0,26160245.0,114.81,108.21,101.61,110.55,109.71,108.14,107.3,105.73,123.32,114.83,106.34,97.85,89.36,120.57,113.76,107.8,119.59,111.64,103.68
101,2021-05-10,111.88,112.36,108.98,108.98,41561886,108.31,109.66,109.37,106.56,112.0,0.01,-2.01,-1.6,-0.41,-6.75,-6.47,-27.92,45.39,43.29,34.58,42.26,40.03,28.35,4.99,63.39,3.36,20780943.0,25191058.0,114.94,108.31,101.67,115.85,115.0,112.48,111.64,109.11,123.34,114.85,106.36,97.87,89.38,120.36,113.42,107.37,119.59,111.64,103.68
102,2021-05-11,105.61,106.09,102.23,103.2,80002280,108.02,107.51,107.66,106.53,111.36,-0.04,-2.42,-1.76,-0.66,-10.12,-6.99,-37.18,26.9,31.34,37.1,8.04,29.37,28.69,27.33,30.73,3.6,40001140.0,25459609.0,115.51,108.02,100.52,113.2,110.67,109.82,107.29,106.44,123.36,114.87,106.38,97.89,89.4,119.97,112.77,106.56,119.59,110.91,102.23
103,2021-05-12,100.3,102.71,93.07,98.37,149627674,106.47,104.46,104.45,106.45,110.5,-0.08,-3.08,-2.03,-1.05,-16.4,-8.0,-36.66,18.22,24.62,39.06,24.98,27.91,28.43,29.47,26.87,4.07,74813837.0,27960230.0,118.03,106.47,94.91,107.54,105.13,103.68,101.27,99.82,123.38,114.89,106.4,97.91,89.42,119.96,111.78,104.68,119.59,106.33,93.07
104,2021-05-13,95.96,101.27,94.71,99.34,70416230,104.64,102.75,102.07,106.38,109.72,-0.05,-3.47,-2.32,-1.15,-13.98,-8.76,-31.61,25.02,28.27,39.18,30.96,28.93,28.6,27.94,29.59,4.25,35208115.0,28388562.0,117.43,104.64,91.85,107.77,103.19,98.13,93.55,88.49,123.4,114.91,106.42,97.93,89.44,119.3,110.89,103.47,119.59,106.33,93.07
105,2021-05-14,101.27,102.23,99.82,100.78,43828851,102.13,102.1,100.78,106.33,108.91,-0.01,-3.63,-2.58,-1.05,-13.51,-9.76,-32.76,36.08,33.88,37.25,38.07,31.98,29.73,25.23,36.48,4.15,21914426.0,28496855.0,110.61,102.13,93.66,105.22,102.62,98.66,96.06,92.1,123.42,114.93,106.44,97.95,89.46,118.66,110.09,102.62,119.59,106.33,93.07
106,2021-05-17,96.44,98.37,93.65,94.71,96882339,99.28,99.63,98.31,106.22,107.47,-0.05,-4.16,-2.89,-1.27,-18.13,-10.99,-38.38,19.29,24.38,28.48,8.1,24.02,27.83,35.45,16.4,4.36,48441170.0,29594528.0,105.55,99.28,93.01,103.31,101.99,100.9,99.58,98.49,123.44,114.95,106.46,97.97,89.48,117.86,108.87,101.19,119.11,106.09,93.07
107,2021-05-18,97.89,103.68,97.41,103.2,81635753,99.28,100.82,99.62,106.19,106.91,0.04,-3.89,-3.09,-0.8,-8.68,-11.2,-18.67,57.77,48.33,30.55,50.02,32.69,29.45,22.97,39.17,4.69,40817876.0,30830747.0,105.55,99.28,93.01,100.08,97.07,95.36,92.35,90.64,123.46,114.97,106.48,97.99,89.5,117.47,108.17,99.85,117.66,105.36,93.07
108,2021-05-19,102.71,102.71,100.3,101.27,47341275,99.86,100.97,100.28,106.15,106.49,0.01,-3.78,-3.23,-0.55,-7.23,-11.08,-21.8,50.16,44.54,34.42,40.49,35.29,31.4,23.62,43.07,4.56,23670638.0,31360279.0,106.25,99.86,93.47,108.14,106.34,101.87,100.06,95.6,123.48,114.99,106.5,98.01,89.52,116.81,107.35,98.94,117.66,105.36,93.07
109,2021-05-20,101.27,102.71,100.78,102.23,42732251,100.44,101.39,101.07,106.11,106.4,0.02,-3.57,-3.3,-0.27,-2.41,-10.27,-23.53,54.34,46.99,40.44,47.49,39.36,34.05,23.43,49.98,4.37,21366126.0,31558227.0,107.11,100.44,93.77,103.8,102.47,101.39,100.06,98.98,123.51,115.02,106.53,98.04,89.55,116.17,106.68,98.11,117.66,105.36,93.07
110,2021-05-21,104.16,106.09,104.16,105.61,53869601,101.4,102.8,102.79,106.11,106.49,0.04,-3.12,-3.26,0.14,-0.48,-9.23,-16.52,67.72,55.2,47.56,96.31,58.34,42.15,9.77,90.72,4.33,26934800.0,31218677.0,109.55,101.4,93.25,103.92,103.2,101.99,101.27,100.06,123.53,115.04,106.55,98.06,89.57,115.34,106.29,97.9,116.22,104.64,93.07
111,2021-05-24,104.64,106.09,104.16,105.61,31062650,103.58,103.73,104.19,106.1,106.48,0.02,-2.72,-3.15,0.43,-2.89,-8.74,-15.95,67.72,55.2,52.83,96.31,71.0,51.77,13.31,109.46,4.16,15531325.0,31013961.0,107.53,103.58,99.64,107.3,106.58,105.37,104.65,103.44,123.55,115.06,106.57,98.08,89.59,114.89,105.83,97.48,116.22,104.64,93.07
112,2021-05-25,107.05,108.98,106.57,108.02,50727292,104.55,105.16,105.67,106.12,106.78,0.03,-2.21,-2.97,0.76,-5.3,-8.82,-15.95,77.09,61.19,62.47,93.74,78.58,60.71,24.97,114.32,4.1,25363646.0,31258096.0,110.06,104.55,99.03,107.3,106.58,105.37,104.65,103.44,123.57,115.08,106.59,98.1,89.61,114.53,105.57,97.16,116.22,104.64,93.07
113,2021-05-26,109.46,109.46,106.57,107.54,24690941,105.8,105.96,106.67,106.13,106.82,0.02,-1.82,-2.74,0.92,-1.44,-8.38,-14.16,71.32,59.32,64.73,87.86,81.67,67.7,39.76,109.61,4.01,12345470.0,30516399.0,110.36,105.8,101.24,110.31,109.23,107.9,106.82,105.49,123.59,115.1,106.61,98.12,89.63,114.29,105.23,96.7,114.29,103.68,93.07
114,2021-05-27,106.09,106.57,103.68,105.61,61173641,106.48,105.84,106.61,106.13,106.93,-0.01,-1.64,-2.52,0.88,2.41,-7.34,-17.33,50.16,51.81,64.73,75.65,79.66,71.69,55.75,95.6,4.0,30586820.0,31073524.0,108.88,106.48,104.08,110.67,108.99,107.78,106.1,104.89,123.61,115.12,106.63,98.14,89.65,114.11,104.87,96.05,114.29,103.68,93.07
115,2021-05-28,106.57,107.54,106.09,107.05,26886430,106.77,106.24,106.8,106.14,107.22,0.0,-1.36,-2.29,0.93,8.68,-5.25,-12.57,61.95,56.65,65.99,80.0,79.77,74.38,63.6,90.55,3.85,13443215.0,30603901.0,108.99,106.77,104.55,108.26,107.06,105.37,104.17,102.48,123.63,115.14,106.65,98.16,89.67,113.65,104.63,95.87,113.32,103.2,93.07
116,2021-05-31,108.02,109.46,107.54,109.46,34198356,107.54,107.32,107.7,106.16,107.54,0.02,-0.96,-2.02,1.06,10.12,-3.24,-5.59,75.52,63.84,67.29,100.0,86.51,78.42,62.24,102.69,3.75,17099178.0,29668300.0,110.34,107.54,104.73,108.38,107.78,106.93,106.32,105.48,123.65,115.16,106.67,98.18,89.69,113.47,104.68,95.96,113.32,103.2,93.07
117,2021-06-01,110.43,110.91,109.46,110.43,22263808,108.02,108.35,108.66,106.2,107.9,0.02,-0.55,-1.73,1.18,9.65,-1.31,-6.33,79.62,66.48,69.28,95.26,89.43,82.09,67.41,104.11,3.59,11131904.0,28056817.0,111.87,108.02,104.16,110.9,110.42,108.98,108.5,107.06,123.67,115.18,106.69,98.2,89.71,113.29,104.97,96.55,113.32,103.2,93.07
118,2021-06-02,110.91,111.39,107.05,108.02,32957334,108.11,108.24,108.66,106.22,108.12,-0.0,-0.41,-1.46,1.05,13.31,1.31,-7.62,50.33,54.74,64.82,56.29,78.38,80.85,85.79,73.44,3.64,16478667.0,27247302.0,111.93,108.11,104.29,111.76,111.16,110.31,109.71,108.86,123.69,115.2,106.71,98.22,89.73,113.5,105.06,96.49,113.32,103.2,93.07
119,2021-06-03,108.98,108.98,106.57,107.05,23957797,108.4,107.85,108.31,106.22,108.1,-0.01,-0.37,-1.24,0.87,3.85,2.36,-10.41,41.69,50.49,59.88,43.71,66.82,76.17,94.87,48.12,3.55,11978898.0,26906066.0,111.41,108.4,105.4,112.96,110.19,108.62,105.85,104.28,123.71,115.22,106.73,98.24,89.75,113.5,104.99,96.49,113.32,103.2,93.07
120,2021-06-04,106.09,108.5,105.12,108.02,28808854,108.6,107.9,108.18,106.24,108.29,-0.01,-0.27,-1.05,0.78,6.75,3.52,-6.98,52.99,54.65,60.35,56.29,63.31,71.88,89.02,46.17,3.54,14404427.0,26115631.0,111.27,108.6,105.92,109.82,108.26,107.41,105.84,105.0,123.73,115.24,106.75,98.26,89.77,113.25,104.72,96.26,112.36,102.72,93.07
121,2021-06-07,108.5,108.5,105.12,106.57,20309568,108.02,107.46,107.5,106.24,108.3,-0.01,-0.28,-0.9,0.62,4.34,4.08,-7.63,37.7,47.59,56.31,37.48,54.7,66.15,89.05,31.8,3.53,10154784.0,25584323.0,110.99,108.02,105.04,110.79,109.71,107.42,106.33,104.04,123.76,115.27,106.78,98.29,89.8,113.04,104.6,96.08,111.39,102.23,93.07
122,2021-06-08,107.05,107.54,106.09,106.57,18203485,107.25,107.16,107.02,106.24,108.18,-0.01,-0.29,-0.77,0.48,0.96,4.2,-2.92,37.7,47.59,50.0,37.48,48.96,60.42,83.34,26.04,3.38,9101742.0,24039353.0,108.71,107.25,105.78,110.07,108.26,106.69,104.88,103.31,123.78,115.29,106.8,98.31,89.82,112.8,104.77,96.58,111.39,102.23,93.07
123,2021-06-09,106.09,107.05,105.61,105.61,22680962,106.76,106.65,106.48,106.24,107.98,-0.01,-0.37,-0.69,0.32,0.0,4.44,1.53,27.43,42.52,41.31,7.81,35.24,52.03,85.61,1.66,3.24,11340481.0,20865685.0,108.52,106.76,105.01,108.14,107.29,106.69,105.84,105.24,123.8,115.31,106.82,98.33,89.84,112.1,105.14,98.03,111.39,102.52,93.65
124,2021-06-10,106.09,107.54,105.61,106.57,18992629,106.67,106.62,106.41,106.24,107.89,-0.0,-0.36,-0.63,0.27,-1.45,4.76,0.76,47.46,48.95,40.83,23.13,31.2,45.09,72.87,3.42,3.15,9496314.0,19580095.0,108.39,106.67,104.94,107.41,106.33,105.97,104.89,104.53,123.82,115.33,106.84,98.35,89.86,111.92,105.5,99.03,111.39,102.52,93.65
125,2021-06-11,107.54,110.43,107.54,109.46,36017587,106.96,107.57,107.34,106.27,108.05,0.02,-0.13,-0.53,0.4,1.92,5.04,1.52,75.72,63.49,46.5,69.22,43.87,44.68,46.3,42.25,3.2,18008794.0,19384814.0,109.88,106.96,104.04,108.5,107.53,106.57,105.6,104.64,123.84,115.35,106.86,98.37,89.88,112.45,105.93,99.29,111.39,102.52,93.65
126,2021-06-15,109.46,110.43,108.02,108.98,23544247,107.44,108.04,108.02,106.29,108.11,0.01,0.03,-0.42,0.45,3.37,5.12,-7.37,67.3,60.13,48.88,61.56,49.77,46.38,39.6,56.55,3.14,11772124.0,17551361.0,110.8,107.44,104.07,112.11,110.9,109.22,108.01,106.33,123.86,115.37,106.88,98.39,89.9,112.78,106.64,100.26,111.39,104.4,97.41
127,2021-06-16,108.02,108.98,107.54,107.54,23871999,107.63,107.87,108.05,106.3,108.14,-0.0,0.03,-0.33,0.36,0.49,4.44,-2.57,45.88,50.63,50.25,45.57,48.37,47.04,44.38,51.03,3.02,11936000.0,16107268.0,110.85,107.63,104.41,111.51,110.18,109.1,107.77,106.69,123.88,115.39,106.9,98.41,89.92,112.54,106.86,101.25,111.39,105.84,100.3
128,2021-06-17,106.57,108.98,106.09,108.98,18109232,108.31,108.24,108.5,106.32,108.29,0.01,0.14,-0.23,0.37,-0.48,3.56,11.18,62.56,58.4,54.39,72.69,56.48,50.19,37.61,69.06,3.01,9054616.0,15376467.0,110.72,108.31,105.89,109.34,108.26,107.9,106.82,106.46,123.9,115.41,106.92,98.43,89.94,112.97,107.25,101.42,111.39,106.08,100.78
129,2021-06-18,108.5,108.98,107.54,107.54,29445549,108.5,108.01,108.24,106.33,108.39,-0.01,0.12,-0.16,0.28,-2.89,2.51,18.99,43.7,49.24,57.1,45.57,52.84,51.07,47.53,56.38,2.9,14722774.0,15044299.0,110.3,108.5,106.7,111.15,110.42,108.26,107.53,105.37,123.92,115.43,106.94,98.45,89.96,113.19,107.51,101.85,111.39,107.54,103.68
130,2021-06-21,106.57,106.57,104.64,104.64,34818980,107.54,106.88,106.96,106.31,108.27,-0.03,-0.12,-0.15,0.03,-3.38,1.12,10.55,23.62,35.85,53.13,0.0,35.23,45.79,66.91,14.11,2.9,17409490.0,14568033.0,111.08,107.54,103.99,109.34,108.26,107.9,106.82,106.46,123.94,115.45,106.96,98.47,89.98,113.21,107.46,101.87,111.39,107.54,103.68
131,2021-06-22,105.61,106.09,104.64,104.64,21910960,106.67,106.14,105.99,106.3,108.03,-0.02,-0.29,-0.18,-0.11,-2.41,0.6,7.91,23.62,35.85,44.45,0.0,23.49,38.36,68.1,-6.25,2.8,10955480.0,14339241.0,110.55,106.67,102.78,107.05,105.6,105.12,103.68,103.19,123.96,115.47,106.98,98.49,90.0,113.11,107.42,102.0,111.39,107.54,103.68
132,2021-06-23,105.12,108.02,104.64,107.54,27710302,106.67,106.6,106.28,106.31,108.08,0.01,-0.22,-0.19,-0.03,-0.48,-0.0,28.13,59.81,53.51,43.2,50.09,32.36,36.36,44.36,24.36,2.84,13855151.0,13763816.0,110.55,106.67,102.78,106.45,105.36,105.0,103.92,103.55,123.98,115.49,107.0,98.51,90.02,113.17,107.39,101.8,111.39,107.54,103.68
133,2021-06-24,107.54,109.95,107.05,108.98,31065987,106.67,107.4,107.05,106.33,108.24,0.02,-0.05,-0.16,0.11,2.41,-0.16,14.99,69.77,59.97,47.18,74.96,46.56,39.76,26.16,60.16,2.84,15532994.0,13923193.0,110.55,106.67,102.78,110.32,109.23,106.94,105.85,103.56,124.0,115.51,107.02,98.53,90.04,113.19,107.46,101.82,111.39,107.54,103.68
134,2021-06-25,109.95,110.91,108.98,108.98,35574740,106.96,107.92,107.82,106.35,108.36,0.02,0.09,-0.11,0.2,2.41,-0.04,21.05,69.77,59.97,48.38,69.22,54.11,44.54,25.4,73.25,2.77,17787370.0,13283220.0,111.34,106.96,102.57,111.64,110.43,108.74,107.53,105.84,124.03,115.54,107.05,98.56,90.07,113.31,107.63,102.18,111.39,108.02,104.64
135,2021-06-28,108.98,109.46,107.05,107.54,23702001,107.54,107.8,108.02,106.36,108.43,0.0,0.09,-0.07,0.16,1.93,0.12,14.31,46.96,50.22,48.92,46.25,51.49,46.86,37.6,60.75,2.74,11851000.0,13203609.0,111.08,107.54,103.99,111.39,109.94,109.46,108.02,107.53,124.05,115.56,107.07,98.58,90.09,113.52,107.66,102.12,111.39,108.02,104.64
136,2021-06-29,108.5,108.5,107.54,107.54,17706887,108.12,107.71,108.02,106.37,108.56,-0.01,0.08,-0.04,0.12,0.97,0.32,5.72,46.96,50.22,52.82,46.25,49.74,47.82,43.98,53.58,2.61,8853444.0,12791323.0,109.69,108.12,106.54,110.31,108.75,107.9,106.34,105.49,124.07,115.58,107.09,98.6,90.11,113.36,107.56,102.23,111.39,108.02,104.64
137,2021-06-30,108.02,109.46,108.02,108.02,31076380,108.21,107.81,107.99,106.38,108.66,-0.0,0.11,-0.01,0.12,-1.44,0.04,7.04,56.3,53.72,58.26,53.91,51.13,48.92,44.5,55.55,2.56,15538190.0,13011637.0,109.67,108.21,106.76,108.74,108.02,107.78,107.06,106.82,124.09,115.6,107.11,98.62,90.13,113.29,107.44,102.16,111.39,108.02,104.64
138,2021-07-01,108.5,108.5,107.54,108.02,15859329,108.02,107.88,107.92,106.39,108.63,0.0,0.14,0.02,0.12,-0.96,-0.32,0.0,56.3,53.72,57.68,53.91,52.06,49.97,45.79,56.24,2.45,7929664.0,12584187.0,109.2,108.02,106.84,109.82,108.74,108.38,107.3,106.94,124.11,115.62,107.13,98.64,90.15,112.8,107.44,102.5,110.91,107.78,104.64
139,2021-07-02,108.02,108.5,107.54,107.54,16486732,107.73,107.77,107.76,106.4,108.52,-0.0,0.11,0.04,0.07,0.0,-0.36,0.0,41.86,48.91,53.02,46.25,50.12,50.02,49.82,50.32,2.34,8243366.0,12397410.0,108.26,107.73,107.21,108.98,108.5,108.02,107.54,107.06,124.13,115.64,107.15,98.66,90.17,112.67,107.46,102.66,110.91,107.78,104.64
140,2021-07-05,108.5,112.84,108.02,112.84,80145148,108.79,109.46,109.47,106.45,108.79,0.04,0.49,0.13,0.36,3.86,0.0,20.56,88.29,76.43,56.11,100.0,66.75,55.6,33.3,89.05,2.55,40072574.0,13680818.0,113.34,108.79,104.24,108.74,108.02,107.78,107.06,106.82,124.15,115.66,107.17,98.68,90.19,113.01,107.7,102.69,112.84,108.74,104.64
141,2021-07-06,112.36,113.32,111.39,112.36,43748805,109.76,110.43,110.66,106.49,109.12,0.02,0.74,0.25,0.49,4.82,0.64,15.52,80.17,72.27,61.65,84.69,72.73,61.31,38.47,95.57,2.51,21874402.0,14266798.0,114.97,109.76,104.54,116.46,115.25,111.64,110.43,106.82,124.17,115.68,107.19,98.7,90.21,113.16,107.99,103.09,113.32,108.98,104.64
142,2021-07-07,112.36,112.84,110.91,110.91,27901240,110.33,110.59,111.04,106.52,109.35,0.01,0.82,0.36,0.46,6.27,1.45,4.36,57.73,60.49,63.44,61.56,69.01,63.88,53.62,79.27,2.47,13950620.0,14509242.0,115.22,110.33,105.45,114.29,113.32,112.36,111.39,110.43,124.19,115.7,107.21,98.72,90.23,113.54,108.21,103.22,113.32,108.98,104.64
143,2021-07-08,110.91,112.36,110.91,111.39,23792227,111.01,110.85,111.39,106.55,109.59,0.0,0.91,0.47,0.44,6.75,2.21,2.93,62.58,62.86,64.49,69.22,69.08,65.61,58.67,76.02,2.4,11896114.0,14537024.0,115.18,111.01,106.84,113.32,111.88,111.39,109.94,109.46,124.21,115.72,107.23,98.74,90.25,113.81,108.5,103.48,113.32,108.98,104.64
144,2021-07-09,110.43,110.91,108.98,109.95,28407636,111.49,110.55,111.04,106.58,109.69,-0.01,0.85,0.55,0.3,2.41,2.45,6.07,42.22,51.85,62.14,41.7,59.95,63.72,71.26,52.41,2.4,14203818.0,14772399.0,113.79,111.49,109.19,112.96,112.11,111.51,110.66,110.06,124.23,115.74,107.25,98.76,90.27,113.99,108.67,103.64,113.32,108.98,104.64
145,2021-07-12,111.39,111.88,110.43,110.91,17024161,111.1,110.67,110.85,106.61,109.87,-0.0,0.88,0.62,0.26,1.93,2.41,12.15,55.68,57.69,64.45,58.3,59.4,62.28,68.04,53.64,2.37,8512080.0,14297564.0,112.86,111.1,109.35,111.88,110.91,109.95,108.98,108.02,124.25,115.76,107.27,98.78,90.29,113.84,108.74,104.0,113.32,108.98,104.64
146,2021-07-13,111.88,112.84,111.39,112.36,36478720,111.1,111.23,111.27,106.64,109.93,0.01,0.99,0.69,0.3,3.38,2.49,13.45,70.31,65.22,61.45,83.39,67.4,63.99,57.17,74.22,2.34,18239360.0,14620925.0,112.86,111.1,109.35,112.48,111.64,111.03,110.18,109.58,124.28,115.79,107.3,98.81,90.32,113.85,108.91,104.27,113.32,108.98,104.64
147,2021-07-14,113.32,113.32,111.88,111.88,27098250,111.3,111.45,111.52,106.68,110.01,0.01,1.03,0.76,0.27,4.34,2.69,16.97,60.98,60.97,58.25,75.09,69.96,65.98,58.02,77.92,2.28,13549125.0,14701582.0,113.15,111.3,109.44,113.69,113.09,112.24,111.64,110.79,124.3,115.81,107.32,98.83,90.34,114.07,109.13,104.48,113.32,108.98,104.64
148,2021-07-15,112.84,115.73,112.36,115.25,62649339,112.07,112.72,112.84,106.74,110.4,0.03,1.3,0.87,0.43,7.71,3.26,25.04,83.06,74.66,62.47,93.77,77.9,69.95,54.05,93.8,2.39,31324670.0,15815084.0,116.08,112.07,108.06,113.68,112.6,112.24,111.16,110.8,124.32,115.83,107.34,98.85,90.36,114.43,109.44,104.78,115.73,110.18,104.64
149,2021-07-16,114.29,115.25,113.8,115.25,33640925,113.13,113.56,113.9,106.79,110.79,0.02,1.49,0.99,0.5,7.23,3.98,28.61,83.06,74.66,65.89,92.89,82.9,74.27,57.01,100.16,2.32,16820462.0,15919969.0,117.14,113.13,109.12,118.02,116.94,114.65,113.57,111.28,124.34,115.85,107.36,98.87,90.38,114.75,109.83,105.08,115.73,110.18,104.64
150,2021-07-19,114.29,114.77,111.88,112.36,31735324,113.42,113.16,113.64,106.83,111.02,-0.01,1.4,1.07,0.33,4.34,4.42,16.25,42.57,52.58,65.94,50.07,71.96,73.5,76.58,68.88,2.4,15867662.0,15842877.0,116.78,113.42,110.06,116.34,115.98,114.89,114.52,113.44,124.36,115.87,107.38,98.89,90.4,115.29,110.21,105.32,115.73,110.18,104.64
151,2021-07-20,110.91,111.88,110.43,110.43,26267081,113.03,112.25,112.65,106.85,111.04,-0.02,1.18,1.09,0.09,2.89,4.66,2.8,29.24,42.62,61.54,21.48,55.13,67.38,91.88,30.63,2.37,13133540.0,15951780.0,117.32,113.03,108.75,115.73,113.8,112.84,110.92,109.95,124.38,115.89,107.4,98.91,90.42,115.59,110.5,105.6,115.73,110.18,104.64
152,2021-07-21,111.88,111.88,108.02,108.5,62986162,112.36,111.0,111.14,106.87,110.75,-0.03,0.85,1.05,-0.2,-4.34,3.98,-1.33,20.33,34.83,53.21,6.23,38.83,57.86,95.92,0.77,2.48,31493081.0,16833677.0,118.3,112.36,106.41,112.24,111.16,110.79,109.71,109.34,124.4,115.91,107.42,98.93,90.44,115.9,110.55,105.65,115.73,111.39,107.05
153,2021-07-22,109.0,112.5,108.5,110.5,59259611,111.41,110.83,110.52,106.89,110.66,-0.01,0.73,0.98,-0.25,-1.86,3.42,8.07,44.75,46.75,50.5,32.17,36.61,50.78,79.12,8.27,2.59,29629806.0,17538517.0,116.5,111.41,106.32,113.08,110.43,109.22,106.57,105.36,124.42,115.93,107.44,98.95,90.46,116.15,110.63,105.61,115.73,111.39,107.05
154,2021-07-23,112.0,112.0,110.0,110.5,21521533,110.46,110.72,110.21,106.91,110.45,0.0,0.63,0.91,-0.28,-0.41,2.86,4.31,44.75,46.75,44.12,32.17,35.13,45.56,66.42,14.27,2.55,10760766.0,17187187.0,113.19,110.46,107.73,114.5,112.5,110.5,108.5,106.5,124.44,115.95,107.46,98.97,90.48,116.21,110.7,105.66,115.73,111.39,107.05
155,2021-07-26,111.0,111.0,108.5,110.0,33363024,109.99,110.48,110.06,106.93,110.2,0.0,0.5,0.83,-0.33,-1.39,2.19,7.17,38.91,43.95,36.76,25.68,31.98,41.03,59.13,13.88,2.55,16681512.0,17428713.0,111.7,109.99,108.27,112.75,111.5,110.75,109.5,108.75,124.46,115.97,107.48,98.99,90.5,116.29,110.83,105.73,115.73,111.64,107.54
156,2021-07-27,111.0,112.0,110.0,111.5,27586534,110.2,110.82,110.57,106.96,110.24,0.01,0.51,0.77,-0.26,1.55,2.11,20.85,60.55,53.78,39.76,45.14,36.37,39.48,45.7,30.15,2.51,13793267.0,17675704.0,112.39,110.2,108.01,112.38,111.25,109.88,108.75,107.38,124.48,115.99,107.5,99.01,90.52,116.58,111.02,105.74,115.73,111.64,107.54
157,2021-07-28,110.5,111.0,109.0,110.5,32678903,110.6,110.71,110.67,106.98,110.27,-0.0,0.43,0.7,-0.27,-0.41,1.92,17.29,45.51,47.25,42.47,34.3,35.68,38.21,43.27,30.62,2.51,16339452.0,17715767.0,111.7,110.6,109.5,113.25,112.5,111.25,110.5,109.25,124.5,116.01,107.52,99.03,90.54,116.77,111.15,105.68,115.73,111.64,107.54
158,2021-07-29,111.0,111.5,110.0,111.0,20815906,110.7,110.81,110.8,107.01,110.35,0.0,0.41,0.64,-0.23,-1.36,1.52,10.98,53.58,50.78,48.01,44.15,38.5,38.31,37.93,38.88,2.44,10407953.0,17839682.0,111.84,110.7,109.56,112.25,111.5,110.25,109.5,108.25,124.53,116.04,107.55,99.06,90.57,116.92,111.3,105.8,115.73,111.64,107.54
159,2021-07-30,110.0,111.5,109.5,110.0,28280514,110.6,110.54,110.57,107.03,110.28,-0.01,0.31,0.57,-0.26,-1.88,1.01,3.28,37.87,43.84,46.86,44.2,40.4,39.01,36.23,43.18,2.41,14140257.0,18134526.0,111.9,110.6,109.3,112.38,111.75,110.88,110.25,109.38,124.55,116.06,107.57,99.08,90.59,117.19,111.42,105.79,115.73,111.88,108.02
160,2021-08-02,111.0,113.0,110.0,113.0,24048289,111.2,111.36,111.37,107.06,110.36,0.02,0.46,0.55,-0.09,-2.25,0.18,11.8,72.16,62.17,51.43,100.0,60.27,46.1,17.76,88.61,2.45,12024144.0,16732105.0,113.5,111.2,108.9,112.25,111.0,110.25,109.0,108.25,124.57,116.08,107.59,99.1,90.61,117.08,111.43,105.99,115.73,111.88,108.02
161,2021-08-03,112.5,113.0,110.5,111.5,21627785,111.2,111.41,111.47,107.09,110.37,0.0,0.45,0.53,-0.08,-3.75,-0.74,11.61,52.05,52.12,53.62,66.67,62.4,51.53,29.79,84.14,2.45,10813892.0,16179079.0,113.5,111.2,108.9,115.25,114.5,112.25,111.5,109.25,124.59,116.1,107.61,99.12,90.63,117.06,111.38,105.95,115.73,111.88,108.02
162,2021-08-04,112.0,112.5,111.0,112.0,21197328,111.5,111.6,111.73,107.12,110.42,0.0,0.48,0.52,-0.04,-0.36,-1.13,12.88,57.57,54.99,53.12,77.78,67.53,56.86,35.52,88.87,2.38,10598664.0,16011481.0,113.74,111.5,109.26,114.12,112.75,111.62,110.25,109.12,124.61,116.12,107.63,99.14,90.65,116.93,111.44,106.06,115.73,111.88,108.02
163,2021-08-05,111.0,112.0,111.0,112.0,19911790,111.7,111.74,111.9,107.15,110.54,0.0,0.48,0.51,-0.03,1.57,-1.24,11.66,57.57,54.99,55.13,77.78,70.95,61.56,42.78,89.73,2.28,9955895.0,15914470.0,113.89,111.7,109.51,113.38,112.75,111.88,111.25,110.38,124.63,116.14,107.65,99.16,90.67,116.92,111.47,106.07,115.73,111.88,108.02
164,2021-08-06,111.5,113.0,111.0,112.5,41254699,112.2,111.99,112.17,107.18,110.73,0.0,0.52,0.51,0.01,4.0,-0.55,12.93,65.38,58.46,57.1,87.5,76.47,66.53,46.65,96.35,2.26,20627350.0,16235647.0,113.34,112.2,111.06,112.75,112.5,111.75,111.5,110.75,124.65,116.16,107.67,99.18,90.69,117.02,111.6,106.16,115.73,111.88,108.02
165,2021-08-09,112.0,112.5,111.0,112.0,23189411,112.0,111.99,112.1,107.21,110.88,0.0,0.52,0.52,-0.0,1.5,-0.27,12.87,51.98,53.57,59.45,75.0,75.98,69.68,57.08,88.58,2.21,11594706.0,16389778.0,112.71,112.0,111.29,114.25,113.5,112.25,111.5,110.25,124.67,116.18,107.69,99.2,90.71,117.06,111.65,106.19,115.73,111.88,108.02
166,2021-08-10,111.5,112.0,108.5,108.5,42815166,111.4,110.83,110.93,107.22,110.59,-0.03,0.25,0.46,-0.21,-2.0,-0.4,-13.21,17.28,31.67,50.3,0.0,50.65,63.34,88.72,25.27,2.3,21407583.0,16548189.0,114.67,111.4,108.13,113.38,112.75,111.88,111.25,110.38,124.69,116.2,107.71,99.22,90.73,117.24,111.46,105.83,115.73,111.88,108.02
167,2021-08-11,107.0,109.0,106.0,109.0,46678699,110.8,110.22,110.13,107.23,110.42,-0.02,0.06,0.38,-0.32,-1.0,-0.37,-10.22,27.03,36.08,46.14,42.86,48.05,58.24,78.62,27.67,2.35,23339350.0,17037701.0,114.58,110.8,107.02,112.88,110.25,109.38,106.75,105.88,124.71,116.22,107.73,99.24,90.75,117.23,111.31,105.33,115.73,110.86,106.0
168,2021-08-12,109.0,109.5,108.0,109.0,18499146,110.2,109.81,109.53,107.24,110.23,-0.01,-0.08,0.29,-0.37,-2.5,-0.7,-6.08,27.03,36.08,41.04,42.86,46.32,54.27,70.17,30.42,2.29,9249573.0,15933946.0,113.98,110.2,106.42,111.25,110.5,108.25,107.5,105.25,124.73,116.24,107.75,99.26,90.77,116.69,111.0,105.34,115.25,110.62,106.0
169,2021-08-13,109.5,110.0,108.0,109.0,46504498,109.5,109.54,109.13,107.25,110.07,-0.0,-0.18,0.2,-0.38,-1.5,-0.79,-7.72,27.03,36.08,35.96,42.86,45.17,51.24,63.38,33.03,2.27,23252249.0,16255535.0,112.33,109.5,106.67,110.38,109.75,108.88,108.25,107.38,124.75,116.26,107.77,99.28,90.79,116.53,110.69,104.95,114.77,110.38,106.0
170,2021-08-16,108.5,109.0,106.5,107.5,34806631,108.6,108.86,108.47,107.25,109.77,-0.01,-0.38,0.08,-0.46,-3.5,-0.97,-7.9,13.72,27.34,27.35,21.43,37.26,46.58,65.22,18.62,2.29,17403316.0,16332318.0,109.9,108.6,107.3,111.0,110.0,109.0,108.0,107.0,124.78,116.29,107.8,99.31,90.82,116.11,110.45,104.81,113.0,109.5,106.0
171,2021-08-17,107.5,107.5,107.5,107.5,0,108.4,108.41,108.1,107.26,109.49,-0.01,-0.52,-0.04,-0.48,-2.5,-1.02,-11.35,13.72,27.34,20.97,21.43,31.98,41.71,61.17,12.52,2.13,0.0,15675641.0,110.04,108.4,106.76,110.12,108.75,107.62,106.25,105.12,124.8,116.31,107.82,99.33,90.84,115.78,110.3,104.77,113.0,109.5,106.0
172,2021-08-18,105.5,107.5,104.5,107.0,31829261,108.0,107.94,107.63,107.25,109.23,-0.01,-0.67,-0.17,-0.5,-6.0,-1.34,-18.42,10.38,24.57,19.82,29.41,31.12,38.18,52.3,17.0,2.19,15914630.0,14896718.0,109.87,108.0,106.13,107.5,107.5,107.5,107.5,107.5,124.82,116.33,107.84,99.35,90.86,115.44,110.22,104.71,113.0,108.75,104.5
173,2021-08-19,106.0,106.0,102.5,103.0,51471834,106.8,106.29,105.97,107.23,108.7,-0.04,-1.06,-0.34,-0.72,-8.5,-1.73,-27.22,2.79,12.55,15.78,5.0,22.41,32.92,53.94,1.39,2.36,25735917.0,14702024.0,111.31,106.8,102.29,109.5,108.5,106.5,105.5,103.5,124.84,116.35,107.86,99.37,90.88,114.98,109.85,104.54,113.0,107.75,102.5
174,2021-08-20,104.0,106.0,102.0,104.5,30316791,105.9,105.69,105.2,107.21,108.25,-0.01,-1.25,-0.53,-0.72,-7.5,-2.33,-34.96,29.76,28.13,16.23,25.0,23.27,29.7,42.56,10.41,2.48,15158396.0,14921905.0,109.99,105.9,101.81,107.12,104.75,103.62,101.25,100.12,124.86,116.37,107.88,99.39,90.9,114.88,109.55,103.95,113.0,107.5,102.0
175,2021-08-23,105.5,108.0,105.5,107.5,22499882,105.9,106.3,105.73,107.22,108.05,0.02,-1.16,-0.65,-0.51,-4.5,-2.83,-22.96,60.47,49.43,21.81,68.75,38.43,32.61,20.97,50.07,2.55,11249941.0,14650327.0,109.99,105.9,101.81,108.25,106.5,104.25,102.5,100.25,124.88,116.39,107.9,99.41,90.92,114.72,109.42,103.81,113.0,107.5,102.0
176,2021-08-24,108.5,109.0,107.5,109.0,17889785,106.2,107.2,106.77,107.23,108.04,0.03,-0.97,-0.72,-0.25,-3.5,-3.46,-10.38,69.74,56.97,31.14,87.5,54.79,40.0,10.42,84.37,2.48,8944892.0,14407908.0,111.03,106.2,101.37,109.62,108.75,107.12,106.25,104.62,124.9,116.41,107.92,99.43,90.94,114.46,109.3,103.79,113.0,107.5,102.0
177,2021-08-25,109.0,109.0,107.5,108.5,14045849,106.5,107.63,107.53,107.23,108.02,0.02,-0.83,-0.74,-0.09,-3.5,-3.88,-6.24,62.86,53.81,39.33,81.25,63.61,47.87,16.39,95.09,2.41,7022924.0,13942082.0,111.74,106.5,101.26,110.12,109.75,108.62,108.25,107.12,124.92,116.43,107.94,99.45,90.96,114.25,109.2,103.83,113.0,107.5,102.0
178,2021-08-26,108.5,109.0,107.0,107.5,12987155,107.4,107.59,107.87,107.23,108.06,0.0,-0.8,-0.75,-0.05,-1.0,-3.79,-3.33,49.26,47.57,45.81,78.57,68.6,54.78,27.14,96.24,2.38,6493578.0,13746363.0,110.89,107.4,103.91,109.88,109.25,108.38,107.75,106.88,124.94,116.45,107.96,99.47,90.98,114.23,109.02,103.58,113.0,107.5,102.0
179,2021-08-27,107.5,108.5,106.5,108.0,13808230,108.1,107.73,108.07,107.24,108.24,-0.0,-0.72,-0.74,0.02,-1.0,-3.79,-8.77,55.94,50.93,54.67,85.71,74.3,61.29,35.27,100.32,2.35,6904115.0,13384556.0,109.4,108.1,106.8,109.75,108.5,107.75,106.5,105.75,124.96,116.47,107.98,99.49,91.0,114.07,108.92,103.43,113.0,107.5,102.0
180,2021-08-30,108.5,109.0,107.5,109.0,13911174,108.4,108.15,108.37,107.25,108.44,0.01,-0.58,-0.71,0.13,0.0,-3.58,-5.08,67.8,57.39,61.01,100.0,82.87,68.48,39.7,111.65,2.29,6955587.0,13131128.0,109.7,108.4,107.1,109.75,109.0,107.75,107.0,105.75,124.98,116.49,108.0,99.51,91.02,113.64,108.72,103.53,113.0,107.5,102.0
181,2021-08-31,108.5,111.0,108.0,111.0,30458896,108.8,109.1,109.23,107.27,108.66,0.02,-0.32,-0.63,0.31,2.0,-3.29,3.23,81.63,67.5,64.54,100.0,88.58,75.18,48.38,115.38,2.34,15229448.0,13351906.0,111.5,108.8,106.1,110.12,109.75,108.62,108.25,107.12,125.0,116.51,108.02,99.53,91.04,113.65,108.7,103.3,113.0,107.5,102.0
182,2021-09-01,111.0,112.0,110.0,111.0,22232171,109.3,109.73,109.97,107.29,108.83,0.02,-0.11,-0.53,0.42,3.5,-2.71,-1.69,81.63,67.5,66.52,90.0,89.05,79.8,61.3,107.55,2.32,11116086.0,13377777.0,112.59,109.3,106.01,113.25,112.5,110.25,109.5,107.25,125.02,116.53,108.04,99.55,91.06,113.74,108.65,103.14,113.0,107.5,102.0
183,2021-09-02,111.0,113.0,110.5,111.5,29565666,110.1,110.32,110.7,107.31,109.07,0.01,0.09,-0.41,0.5,4.0,-2.17,3.45,84.83,69.98,70.18,80.0,86.03,81.88,73.58,94.33,2.33,14782833.0,13619124.0,113.13,110.1,107.07,113.0,112.0,111.0,110.0,109.0,125.05,116.56,108.07,99.58,91.09,113.9,108.62,103.01,113.0,107.5,102.0
184,2021-09-03,112.0,113.0,111.5,112.5,23894007,111.0,111.05,111.5,107.34,109.43,0.01,0.32,-0.26,0.58,5.5,-1.21,5.08,89.8,74.58,76.94,92.31,88.12,83.96,75.64,96.44,2.27,11947004.0,13185106.0,113.55,111.0,108.45,114.12,112.75,111.62,110.25,109.12,125.07,116.58,108.09,99.6,91.11,113.79,108.62,103.14,113.0,107.5,102.0
185,2021-09-06,112.5,113.0,110.5,111.0,18270142,111.4,111.03,111.5,107.36,109.74,-0.0,0.39,-0.13,0.52,8.0,0.17,3.33,53.2,58.66,76.48,69.23,81.82,83.25,86.11,78.96,2.29,9135071.0,13062125.0,112.7,111.4,110.1,113.88,113.25,112.38,111.75,110.88,125.09,116.6,108.11,99.62,91.13,113.92,108.58,103.01,113.0,107.5,102.0
186,2021-09-07,109.5,110.0,108.0,108.5,23133531,110.9,110.19,110.53,107.37,109.77,-0.02,0.24,-0.06,0.3,4.0,1.12,-15.25,27.27,41.29,69.73,30.77,64.8,77.1,101.7,40.2,2.34,11566766.0,12570084.0,113.85,110.9,107.95,113.88,112.25,111.38,109.75,108.88,125.11,116.62,108.13,99.64,91.15,113.71,108.58,103.09,113.0,107.5,102.0
187,2021-09-08,108.5,109.5,107.0,107.5,28436166,110.2,109.29,109.4,107.37,109.59,-0.02,0.06,-0.03,0.09,0.0,1.5,-13.79,21.42,36.22,59.69,15.38,48.33,67.51,105.87,9.97,2.35,14218083.0,12114020.0,114.42,110.2,105.98,110.75,109.5,108.75,107.5,106.75,125.13,116.64,108.15,99.66,91.17,113.63,108.5,103.25,113.0,107.5,102.0
188,2021-09-09,106.5,107.5,106.0,107.0,20347345,109.3,108.53,108.33,107.36,109.32,-0.02,-0.12,-0.05,-0.07,-2.0,1.62,-17.24,18.63,33.78,49.19,14.29,36.98,57.33,98.03,-3.72,2.29,10173672.0,12160225.0,114.02,109.3,104.58,110.38,108.75,107.88,106.25,105.38,125.15,116.66,108.17,99.68,91.19,113.52,108.4,103.15,113.0,107.5,102.0
189,2021-09-10,107.0,108.5,107.0,108.0,13206233,108.4,108.35,107.9,107.37,109.12,-0.0,-0.19,-0.08,-0.11,-0.5,1.88,-13.33,40.41,42.9,41.79,28.57,34.18,49.61,80.47,3.32,2.23,6603116.0,11327769.0,111.51,108.4,105.29,108.38,107.75,106.88,106.25,105.38,125.17,116.68,108.19,99.7,91.21,113.34,108.35,103.21,113.0,107.5,102.0
190,2021-09-13,107.5,108.0,106.5,106.5,15297618,107.5,107.73,107.27,107.36,108.78,-0.01,-0.34,-0.13,-0.21,-1.0,1.88,-19.35,25.87,34.48,31.13,7.14,25.17,41.46,74.04,-7.41,2.18,7648809.0,10840043.0,109.08,107.5,105.92,109.38,108.75,107.88,107.25,106.38,125.19,116.7,108.21,99.72,91.23,113.18,108.3,103.31,113.0,107.5,102.0
191,2021-09-14,107.5,108.0,106.5,107.5,19165417,107.3,107.66,107.27,107.36,108.59,0.0,-0.4,-0.18,-0.22,-0.5,1.92,-14.29,44.5,43.26,29.68,21.43,23.92,35.61,58.99,0.54,2.13,9582708.0,11319179.0,108.44,107.3,106.16,108.38,107.25,106.88,105.75,105.38,125.21,116.72,108.23,99.74,91.25,113.31,108.3,103.16,113.0,107.5,102.0
192,2021-09-15,108.0,110.5,107.5,108.5,63262671,107.5,107.94,107.67,107.37,108.58,0.01,-0.36,-0.22,-0.14,-0.5,1.88,0.0,58.95,51.01,34.96,35.71,27.85,33.02,43.36,17.51,2.19,31631336.0,12105014.0,109.08,107.5,105.92,108.88,108.25,107.38,106.75,105.88,125.23,116.74,108.25,99.76,91.27,113.47,108.38,103.3,113.0,107.5,102.0
193,2021-09-16,108.5,109.5,107.5,107.5,22861780,107.6,107.79,107.67,107.37,108.49,-0.0,-0.39,-0.25,-0.14,-3.5,1.42,-5.08,43.2,43.92,38.59,21.43,25.71,30.58,40.32,15.97,2.18,11430890.0,11389763.0,109.08,107.6,106.12,111.75,110.0,108.75,107.0,105.75,125.25,116.76,108.27,99.78,91.29,113.55,108.6,103.64,113.0,107.5,102.0
194,2021-09-17,107.5,109.5,107.0,108.5,38649036,107.7,108.03,107.97,107.38,108.51,0.01,-0.34,-0.27,-0.07,-2.5,0.92,-1.64,58.66,51.83,45.27,55.56,35.66,32.27,25.49,42.44,2.2,19324518.0,11598069.0,109.37,107.7,106.03,110.0,108.5,108.0,106.5,106.0,125.27,116.78,108.29,99.8,91.31,113.52,108.8,104.08,113.0,109.25,105.5
195,2021-09-22,106.5,107.5,106.0,107.0,38460147,107.8,107.69,107.73,107.37,108.36,-0.01,-0.41,-0.3,-0.11,-4.5,0.21,-6.25,37.33,41.46,44.75,22.22,31.18,31.91,33.37,29.72,2.22,19230074.0,11997076.0,109.14,107.8,106.46,110.88,109.75,108.38,107.25,105.88,125.3,116.81,108.32,99.83,91.34,113.38,108.78,104.21,113.0,109.5,106.0
196,2021-09-23,107.0,108.0,106.0,106.5,18878589,107.6,107.29,107.3,107.37,108.22,-0.01,-0.49,-0.34,-0.15,-6.0,-0.75,-3.23,31.91,38.43,45.76,11.11,24.49,29.44,39.34,14.59,2.2,9439294.0,12021796.0,109.39,107.6,105.81,108.38,107.75,106.88,106.25,105.38,125.32,116.83,108.34,99.85,91.36,113.44,108.65,104.04,113.0,109.5,106.0
197,2021-09-24,107.5,108.0,107.0,107.5,15280177,107.4,107.36,107.27,107.37,108.14,0.0,-0.47,-0.36,-0.11,-3.5,-1.71,0.0,51.58,47.5,46.94,33.33,27.44,28.77,31.43,24.78,2.15,7640088.0,12052654.0,108.88,107.4,105.92,108.75,107.5,106.75,105.5,104.75,125.34,116.85,108.36,99.87,91.38,113.39,108.6,104.01,113.0,109.5,106.0
198,2021-09-27,107.0,108.5,107.0,107.5,13850268,107.4,107.41,107.3,107.37,108.08,0.0,-0.46,-0.38,-0.08,-1.0,-2.12,1.59,51.58,47.5,45.71,33.33,29.4,28.98,28.14,30.24,2.1,6925134.0,12074232.0,108.88,107.4,105.92,108.5,108.0,107.5,107.0,106.5,125.36,116.87,108.38,99.89,91.4,113.25,108.6,104.12,113.0,109.5,106.0
199,2021-09-28,107.0,107.5,106.0,106.5,22169547,107.0,107.1,107.0,107.37,108.05,-0.0,-0.52,-0.41,-0.11,-1.0,-2.21,12.28,32.93,39.39,44.0,11.11,23.3,27.09,34.67,15.72,2.06,11084774.0,12283265.0,108.0,107.0,106.0,109.12,108.25,107.62,106.75,106.12,125.38,116.89,108.4,99.91,91.42,113.09,108.52,104.2,113.0,109.5,106.0
200,2021-09-29,105.0,105.5,104.5,105.0,32073278,106.6,106.4,106.33,107.36,107.85,-0.02,-0.66,-0.46,-0.2,-2.0,-2.21,1.75,18.72,30.25,37.34,8.33,18.31,24.16,35.86,6.61,2.06,16036639.0,12737317.0,108.65,106.6,104.55,108.12,107.25,106.62,105.75,105.12,125.4,116.91,108.42,99.93,91.44,112.92,108.32,104.05,113.0,108.75,104.5
201,2021-09-30,105.0,106.0,104.0,105.0,22552355,106.3,105.94,105.8,107.34,107.67,-0.01,-0.76,-0.52,-0.24,-3.0,-2.42,-9.8,18.72,30.25,34.24,18.18,18.27,22.2,30.06,10.41,2.06,11276178.0,12539654.0,108.81,106.3,103.79,106.0,105.5,105.0,104.5,104.0,125.42,116.93,108.44,99.95,91.46,112.54,108.02,103.97,113.0,108.5,104.0
202,2021-10-01,104.5,105.0,103.0,103.0,34131219,105.4,104.96,104.7,107.32,107.39,-0.02,-0.99,-0.61,-0.38,-3.5,-2.62,-23.08,8.8,21.11,30.39,0.0,12.18,18.86,32.22,-1.18,2.06,17065610.0,12837130.0,108.82,105.4,101.98,107.0,106.0,105.0,104.0,103.0,125.44,116.95,108.46,99.97,91.48,112.18,107.62,103.63,113.0,108.0,103.0
203,2021-10-04,104.5,105.0,102.5,103.0,25219519,104.5,104.3,103.9,107.3,107.05,-0.01,-1.15,-0.72,-0.43,-4.5,-2.96,-21.57,8.8,21.11,23.26,8.33,10.9,16.21,26.83,0.28,2.09,12609760.0,12728476.0,107.5,104.5,101.5,105.5,104.0,103.5,102.0,101.5,125.46,116.97,108.48,99.99,91.5,111.76,107.2,103.25,113.0,107.75,102.5
204,2021-10-05,102.0,102.5,101.0,101.5,41574679,103.5,103.37,102.9,107.27,106.57,-0.02,-1.37,-0.85,-0.52,-7.0,-3.5,-23.08,4.95,16.04,15.49,6.67,9.49,13.97,22.93,0.53,2.08,20787340.0,13170493.0,106.5,103.5,100.5,105.88,104.25,103.38,101.75,100.88,125.48,116.99,108.5,100.01,91.52,111.23,106.65,102.73,113.0,107.0,101.0
205,2021-10-06,103.5,104.5,103.0,103.0,38805074,103.1,103.25,102.73,107.25,106.27,-0.0,-1.41,-0.96,-0.45,-4.5,-3.58,-18.52,41.07,34.61,16.84,26.67,15.22,14.39,12.73,16.88,2.15,19402537.0,13683866.0,105.59,103.1,100.61,103.12,102.25,101.62,100.75,100.12,125.5,117.01,108.52,100.03,91.54,110.68,106.25,102.48,110.5,105.75,101.0
206,2021-10-07,104.5,107.0,104.0,107.0,38220702,103.5,104.5,104.03,107.25,106.29,0.03,-1.14,-1.0,-0.14,-1.5,-3.5,-6.67,75.64,61.47,26.33,80.0,36.81,21.86,-8.04,66.71,2.28,19110351.0,14061046.0,107.62,103.5,99.38,104.88,103.75,103.38,102.25,101.88,125.52,117.03,108.54,100.05,91.56,110.63,106.18,102.18,110.5,105.75,101.0
207,2021-10-08,107.5,108.0,106.5,108.0,27430627,104.5,105.67,105.53,107.25,106.41,0.03,-0.84,-0.97,0.13,1.0,-3.04,-10.34,79.79,65.64,36.51,100.0,57.87,33.86,-14.16,105.89,2.22,13715314.0,14035907.0,110.16,104.5,98.84,109.25,108.5,106.25,105.5,103.25,125.55,117.06,108.57,100.08,91.59,110.45,106.2,102.26,110.5,105.75,101.0
208,2021-10-12,106.5,107.0,104.5,105.0,38628919,104.9,105.44,105.7,107.24,106.4,0.0,-0.81,-0.94,0.13,-1.5,-2.67,-18.75,46.51,47.44,42.79,57.14,57.63,41.78,10.08,89.33,2.31,19314460.0,14492946.0,110.3,104.9,99.5,109.12,108.75,107.62,107.25,106.12,125.57,117.08,108.59,100.1,91.61,110.53,106.1,102.09,110.5,105.75,101.0
209,2021-10-13,106.0,106.5,104.5,105.5,18684819,105.7,105.46,105.9,107.24,106.39,-0.0,-0.74,-0.9,0.16,-2.0,-2.54,-18.75,51.26,50.16,49.87,64.29,59.85,47.8,23.7,83.95,2.29,9342410.0,14629911.0,109.55,105.7,101.85,107.88,106.25,105.38,103.75,102.88,125.59,117.1,108.61,100.12,91.63,110.53,105.98,101.86,110.5,105.75,101.0
210,2021-10-14,107.0,107.5,106.5,106.5,17684751,106.4,105.81,106.17,107.23,106.52,0.0,-0.61,-0.84,0.23,-1.0,-2.54,-18.75,60.95,55.59,59.2,78.57,66.09,53.9,29.52,90.47,2.27,8842376.0,14689590.0,108.79,106.4,104.01,107.5,106.5,105.5,104.5,103.5,125.61,117.12,108.63,100.14,91.65,110.51,105.98,101.86,110.5,105.75,101.0
211,2021-10-15,108.0,110.0,107.5,109.5,49011891,106.9,107.04,107.2,107.24,106.84,0.02,-0.27,-0.73,0.46,3.0,-2.21,-4.48,78.73,67.98,65.48,94.44,75.54,61.11,32.25,104.4,2.36,24505946.0,15435751.0,110.6,106.9,103.2,107.75,107.0,106.75,106.0,105.75,125.63,117.14,108.65,100.16,91.67,110.72,106.08,101.8,110.5,105.75,101.0
212,2021-10-18,110.5,111.0,107.0,107.5,42099090,106.8,107.19,107.4,107.24,106.89,0.01,-0.16,-0.61,0.45,2.5,-1.83,-3.03,55.25,55.73,62.08,65.0,72.03,64.75,50.19,86.59,2.48,21049545.0,14906662.0,110.38,106.8,103.22,111.62,110.75,109.12,108.25,106.62,125.65,117.16,108.67,100.18,91.69,110.86,106.02,101.67,111.0,106.0,101.0
213,2021-10-19,108.5,109.0,106.5,107.0,26270635,107.2,107.13,107.47,107.24,106.86,-0.0,-0.1,-0.51,0.41,2.0,-1.42,-1.54,50.03,52.92,57.12,50.0,64.69,64.73,64.81,64.61,2.48,13135318.0,14991883.0,110.17,107.2,104.23,112.25,109.5,108.25,105.5,104.25,125.67,117.18,108.69,100.2,91.71,110.83,106.0,101.62,111.0,106.0,101.0
214,2021-10-20,107.5,108.5,106.5,107.5,29381245,107.6,107.25,107.57,107.24,107.05,-0.0,-0.02,-0.41,0.39,4.5,-0.75,1.54,55.87,55.57,58.68,50.0,59.79,63.08,69.66,53.21,2.45,14690622.0,14760188.0,109.88,107.6,105.32,109.88,108.25,107.38,105.75,104.88,125.69,117.2,108.71,100.22,91.73,110.78,105.95,101.6,111.0,106.0,101.0
215,2021-10-21,108.0,108.5,107.0,108.0,30517157,107.9,107.5,107.7,107.25,107.25,0.0,0.08,-0.31,0.39,5.0,0.04,0.0,62.07,58.34,60.48,53.85,57.81,61.32,68.34,50.79,2.38,15258578.0,14561614.0,109.82,107.9,105.98,109.5,108.5,107.5,106.5,105.5,125.71,117.22,108.73,100.24,91.75,110.83,106.0,101.65,111.0,106.0,101.0
216,2021-10-22,108.0,108.5,107.0,107.5,14667653,107.5,107.5,107.57,107.25,107.42,0.0,0.12,-0.23,0.35,6.0,1.12,3.23,51.87,54.33,58.97,46.15,53.92,58.85,68.71,44.06,2.32,7333826.0,14456340.0,108.21,107.5,106.79,109.38,108.75,107.88,107.25,106.38,125.73,117.24,108.75,100.26,91.77,110.75,106.05,101.8,111.0,106.0,101.0
217,2021-10-25,107.5,109.0,107.0,108.0,21027449,107.6,107.67,107.73,107.25,107.45,0.0,0.19,-0.14,0.33,5.0,1.92,1.64,60.87,57.76,55.99,53.85,53.9,57.2,63.8,47.3,2.3,10513724.0,14600022.0,108.44,107.6,106.76,109.12,108.25,107.62,106.75,106.12,125.75,117.26,108.77,100.28,91.79,110.91,106.08,101.69,111.0,106.0,101.0
218,2021-10-26,108.5,109.5,108.0,109.0,18026359,108.0,108.11,108.2,107.26,107.55,0.01,0.31,-0.05,0.36,2.0,2.21,1.64,74.33,64.13,59.17,55.56,54.45,56.28,59.94,50.79,2.24,9013180.0,14704424.0,109.22,108.0,106.78,110.0,109.0,108.0,107.0,106.0,125.77,117.28,108.79,100.3,91.81,110.96,106.15,101.74,111.0,106.0,101.0
219,2021-10-27,109.0,109.0,107.5,108.0,15831617,108.1,108.07,108.2,107.26,107.59,-0.0,0.33,0.02,0.31,0.0,2.12,1.64,50.17,54.43,59.2,33.33,47.41,53.32,65.14,35.59,2.19,7915808.0,14545976.0,109.2,108.1,107.0,110.38,109.75,108.88,108.25,107.38,125.8,117.31,108.82,100.33,91.84,111.04,106.22,101.82,111.0,106.0,101.0
220,2021-10-28,108.0,109.0,107.5,108.5,14181424,108.2,108.22,108.33,107.27,107.68,0.0,0.38,0.1,0.28,3.5,2.54,0.0,59.41,58.17,59.79,44.44,46.42,51.02,60.22,37.22,2.14,7090712.0,14098680.0,109.34,108.2,107.06,109.62,108.75,108.12,107.25,106.62,125.82,117.33,108.84,100.35,91.86,111.21,106.4,101.96,111.0,106.0,101.0
221,2021-10-29,108.5,108.5,107.0,107.0,20664910,108.1,107.81,107.93,107.27,107.64,-0.01,0.3,0.14,0.16,1.5,2.83,0.0,33.41,45.06,55.01,16.67,36.5,46.18,65.54,17.14,2.09,10332455.0,14051494.0,109.58,108.1,106.62,109.88,109.25,108.38,107.75,106.88,125.84,117.35,108.86,100.37,91.88,111.24,106.5,102.22,111.0,106.0,101.0
222,2021-11-01,108.0,108.0,106.5,106.5,18124077,107.8,107.37,107.4,107.26,107.58,-0.01,0.19,0.15,0.04,0.0,2.92,0.0,27.74,41.39,50.99,0.0,24.33,38.9,68.04,-4.81,2.05,9062038.0,13651315.0,109.87,107.8,105.73,108.88,107.75,107.38,106.25,105.88,125.86,117.37,108.88,100.39,91.9,111.28,106.68,102.49,111.0,106.0,101.0
223,2021-11-02,107.0,108.5,107.0,107.5,20172294,107.5,107.42,107.3,107.27,107.5,0.0,0.19,0.16,0.03,-2.0,2.5,0.0,51.01,50.86,49.35,33.33,27.33,35.04,50.46,11.91,2.05,10086147.0,13525134.0,109.08,107.5,105.92,108.38,107.25,106.88,105.75,105.38,125.88,117.39,108.9,100.41,91.92,111.36,106.9,102.81,111.0,106.0,101.0
224,2021-11-03,107.5,108.5,107.5,107.5,12249306,107.4,107.44,107.3,107.27,107.44,0.0,0.18,0.16,0.02,0.0,2.29,0.0,51.01,50.86,45.46,33.33,29.33,33.14,40.76,21.71,1.98,6124653.0,12792000.0,108.88,107.4,105.92,109.12,108.25,107.62,106.75,106.12,125.9,117.41,108.92,100.43,91.94,111.66,107.2,103.13,111.0,107.0,103.0
225,2021-11-04,108.5,108.5,107.5,108.0,11307246,107.3,107.63,107.5,107.27,107.46,0.01,0.21,0.17,0.04,1.0,2.21,5.08,62.76,55.84,47.56,50.0,36.22,34.17,30.07,40.32,1.91,5653623.0,12104554.0,108.44,107.3,106.16,108.75,108.0,107.75,107.0,106.75,125.92,117.43,108.94,100.45,91.96,111.87,107.45,103.35,111.0,107.5,104.0
226,2021-11-05,108.0,109.0,107.5,109.0,17621370,107.7,108.09,108.07,107.28,107.55,0.01,0.3,0.2,0.1,1.5,1.96,13.79,77.72,64.38,50.61,83.33,51.92,40.09,16.43,75.58,1.88,8810685.0,11589571.0,109.52,107.7,105.88,109.0,108.5,108.0,107.5,107.0,125.94,117.45,108.96,100.47,91.98,111.76,107.55,103.73,111.0,107.75,104.5
227,2021-11-08,107.5,108.0,107.0,107.5,19912872,107.9,107.89,108.0,107.28,107.57,-0.0,0.26,0.21,0.05,-0.5,1.5,8.2,42.15,47.95,52.06,40.0,47.95,42.71,32.23,58.43,1.89,9956436.0,11401627.0,109.2,107.9,106.6,110.12,109.75,108.62,108.25,107.12,125.96,117.47,108.98,100.49,92.0,111.76,107.52,103.76,111.0,107.75,104.5
228,2021-11-09,107.5,108.0,107.0,108.0,23901115,108.0,107.93,108.03,107.28,107.68,0.0,0.26,0.22,0.04,0.5,1.04,17.24,52.33,52.7,56.16,60.0,51.97,45.8,33.46,64.31,1.83,11950558.0,11033432.0,109.22,108.0,106.78,108.5,108.0,107.5,107.0,106.5,125.98,117.49,109.0,100.51,92.02,111.7,107.68,103.98,111.0,107.75,104.5
229,2021-11-10,108.0,109.5,107.5,109.0,22839265,108.3,108.28,108.37,107.29,107.82,0.01,0.33,0.24,0.09,1.0,0.71,20.0,68.07,61.1,59.01,83.33,62.42,51.34,29.18,84.58,1.84,11419632.0,11137293.0,109.64,108.3,106.96,108.75,108.5,107.75,107.5,106.75,126.0,117.51,109.02,100.53,92.04,111.85,107.85,104.13,111.0,108.75,106.5
230,2021-11-11,108.5,109.0,107.5,107.5,18674012,108.2,108.02,108.1,107.29,107.83,-0.01,0.27,0.25,0.02,-1.5,0.42,20.0,40.2,46.47,57.21,33.33,52.72,51.8,49.96,54.56,1.82,9337006.0,11162025.0,109.72,108.2,106.68,110.75,110.0,108.75,108.0,106.75,126.02,117.53,109.04,100.55,92.06,111.93,107.9,104.18,111.0,108.75,106.5
231,2021-11-12,108.5,109.5,108.0,109.0,26633641,108.2,108.35,108.37,107.3,107.95,0.01,0.34,0.27,0.07,1.0,0.5,20.0,61.99,58.28,57.08,80.0,61.81,55.14,41.8,75.15,1.83,13316820.0,10602568.0,109.72,108.2,106.68,109.38,108.25,107.88,106.75,106.38,126.04,117.55,109.06,100.57,92.08,111.8,107.88,104.31,111.0,108.75,106.5
232,2021-11-15,109.0,110.0,108.0,108.0,25735186,108.3,108.23,108.3,107.3,107.89,-0.0,0.3,0.27,0.03,-0.5,0.17,3.7,46.26,49.65,51.83,33.33,52.32,54.2,57.96,48.56,1.84,12867593.0,10193471.0,109.64,108.3,106.96,110.38,109.75,108.88,108.25,107.38,126.07,117.58,109.09,100.6,92.11,111.52,107.9,104.57,110.0,108.25,106.5
233,2021-11-16,108.5,109.0,108.0,108.0,15746287,108.3,108.16,108.2,107.3,107.92,-0.0,0.27,0.27,-0.0,1.0,0.12,0.0,46.26,49.65,52.52,33.33,45.99,51.46,62.4,35.05,1.78,7873144.0,9930362.0,109.64,108.3,106.96,110.5,109.0,108.5,107.0,106.5,126.09,117.6,109.11,100.62,92.13,111.41,107.95,104.75,110.0,108.25,106.5
234,2021-11-17,108.5,108.5,106.5,107.0,31800650,107.9,107.77,107.77,107.3,107.89,-0.01,0.17,0.25,-0.08,0.5,0.17,8.33,30.89,41.14,48.94,14.29,35.42,46.11,67.49,14.04,1.8,15900325.0,9990847.0,109.38,107.9,106.42,109.25,108.5,108.25,107.5,107.25,126.11,117.62,109.13,100.64,92.15,111.41,107.92,104.75,110.0,108.25,106.5
235,2021-11-18,107.0,107.5,106.5,107.0,30441523,107.8,107.51,107.47,107.3,107.79,-0.01,0.1,0.22,-0.12,-0.5,0.29,6.38,30.89,41.14,42.75,14.29,28.38,40.2,63.84,4.74,1.74,15220762.0,9988956.0,109.47,107.8,106.13,109.25,108.0,107.25,106.0,105.25,126.13,117.64,109.15,100.66,92.17,111.36,107.88,104.72,110.0,108.25,106.5
236,2021-11-19,107.5,108.0,106.5,106.5,20714969,107.3,107.18,107.03,107.3,107.71,-0.01,0.0,0.18,-0.18,-1.0,0.21,0.0,23.31,36.75,39.93,0.0,18.92,33.11,61.49,-9.46,1.72,10357484.0,10140139.0,108.64,107.3,105.96,108.0,107.5,107.0,106.5,106.0,126.15,117.66,109.17,100.68,92.19,111.34,107.82,104.7,110.0,108.25,106.5
237,2021-11-22,107.0,107.5,106.5,106.5,17750562,107.0,106.95,106.77,107.29,107.53,-0.0,-0.08,0.13,-0.21,-1.5,0.0,-15.0,23.31,36.75,33.49,0.0,12.61,26.28,53.62,-14.73,1.67,8875281.0,10058217.0,108.22,107.0,105.78,108.38,107.25,106.88,105.75,105.38,126.17,117.68,109.19,100.7,92.21,111.15,107.75,104.78,110.0,108.25,106.5
238,2021-11-23,106.5,107.0,106.0,106.0,22288461,106.6,106.63,106.43,107.29,107.36,-0.01,-0.18,0.06,-0.24,-3.0,-0.38,-8.11,15.73,31.97,28.4,0.0,8.41,20.32,44.14,-15.41,1.62,11144230.0,10164770.0,107.44,106.6,105.76,107.75,107.0,106.75,106.0,105.75,126.19,117.7,109.21,100.72,92.23,111.02,107.6,104.68,110.0,108.0,106.0
239,2021-11-24,106.0,106.5,104.5,105.5,29810172,106.3,106.26,106.07,107.28,107.19,-0.01,-0.28,-0.0,-0.28,-2.0,-0.5,-8.11,10.81,27.72,22.49,18.18,11.67,17.44,28.98,0.13,1.65,14905086.0,10514234.0,107.44,106.3,105.16,107.25,106.5,106.25,105.5,105.25,126.21,117.72,109.23,100.74,92.25,111.0,107.48,104.43,110.0,107.25,104.5
240,2021-11-25,106.5,106.5,105.0,105.0,17457242,105.9,105.84,105.63,107.27,107.0,-0.01,-0.4,-0.08,-0.32,-3.0,-0.79,-13.51,7.52,23.95,18.6,9.09,10.81,15.23,24.07,1.97,1.64,8728621.0,10596129.0,107.2,105.9,104.6,107.5,106.5,105.5,104.5,103.5,126.23,117.74,109.25,100.76,92.27,110.88,107.3,104.31,110.0,107.25,104.5
241,2021-11-26,105.0,105.0,103.5,103.5,24109403,105.3,105.06,104.83,107.26,106.68,-0.02,-0.6,-0.19,-0.41,-5.5,-1.33,-23.08,3.3,16.16,14.0,0.0,7.21,12.56,23.26,-3.49,1.63,12054702.0,10682241.0,107.6,105.3,103.0,106.88,105.75,105.38,104.25,103.88,126.25,117.76,109.27,100.78,92.29,110.7,107.12,104.14,110.0,106.75,103.5
242,2021-11-29,103.0,105.5,102.5,103.5,27800208,104.7,104.54,104.23,107.24,106.42,-0.01,-0.74,-0.3,-0.44,-4.0,-1.54,-21.05,3.3,16.16,10.66,16.67,10.36,11.83,14.77,7.42,1.73,13900104.0,10924145.0,107.0,104.7,102.4,105.38,104.25,103.88,102.75,102.38,126.27,117.78,109.29,100.8,92.31,110.78,106.98,103.74,110.0,106.25,102.5
243,2021-11-30,104.0,105.5,103.0,103.5,49334401,104.2,104.19,103.83,107.22,106.12,-0.01,-0.85,-0.41,-0.44,-5.5,-2.08,-24.32,3.3,16.16,7.33,18.18,12.97,12.21,10.69,14.49,1.78,24667200.0,11653197.0,106.15,104.2,102.25,106.75,105.0,103.75,102.0,100.75,126.29,117.8,109.31,100.82,92.33,110.73,106.78,103.44,110.0,106.25,102.5
244,2021-12-01,103.5,106.0,103.5,105.5,22443321,104.2,104.63,104.27,107.22,106.01,0.01,-0.77,-0.48,-0.29,-2.5,-2.25,-17.95,68.33,51.13,16.09,54.55,26.83,17.08,-2.42,46.33,1.83,11221660.0,11908048.0,106.15,104.2,102.25,106.38,104.75,103.88,102.25,101.38,126.32,117.83,109.34,100.85,92.36,110.71,106.68,103.14,110.0,106.25,102.5
245,2021-12-02,105.0,107.0,105.0,105.0,27037026,104.2,104.75,104.53,107.21,105.9,0.01,-0.74,-0.53,-0.21,-3.0,-2.58,-15.79,55.31,45.52,23.51,50.0,34.55,22.9,-0.4,57.85,1.84,13518513.0,12301292.0,106.15,104.2,102.25,107.62,106.75,105.12,104.25,102.62,126.34,117.85,109.36,100.87,92.38,110.74,106.52,102.91,110.0,106.25,102.5
246,2021-12-03,105.5,106.0,105.0,105.0,18091990,104.5,104.83,104.8,107.2,105.83,0.0,-0.71,-0.57,-0.14,-2.0,-2.79,-18.92,55.31,45.52,31.48,55.56,41.55,29.12,4.26,66.41,1.78,9045995.0,12313058.0,106.37,104.5,102.63,107.5,106.0,105.5,104.0,103.5,126.36,117.87,109.38,100.89,92.4,110.59,106.32,102.79,110.0,106.25,102.5
247,2021-12-06,105.5,107.0,105.0,106.5,22698693,105.1,105.39,105.47,107.2,105.94,0.01,-0.56,-0.57,0.01,-0.5,-2.79,-2.7,78.92,62.68,44.08,88.89,57.33,38.52,0.9,94.95,1.8,11349346.0,12382703.0,107.27,105.1,102.93,106.25,105.5,105.25,104.5,104.25,126.38,117.89,109.4,100.91,92.42,110.64,106.28,102.59,110.0,106.25,102.5
248,2021-12-07,106.0,107.5,105.0,106.0,25236546,105.6,105.59,105.77,107.19,106.02,0.0,-0.48,-0.55,0.07,-0.5,-2.75,-2.7,63.31,55.76,54.08,70.0,61.55,46.2,15.5,92.25,1.85,12618273.0,12416089.0,106.9,105.6,104.3,108.25,107.5,106.25,105.5,104.25,126.4,117.91,109.42,100.93,92.44,110.73,106.18,102.38,110.0,106.25,102.5
249,2021-12-08,106.5,107.0,105.0,105.0,35111410,105.5,105.4,105.57,107.18,106.01,-0.0,-0.49,-0.54,0.05,-1.5,-2.75,-13.51,40.75,44.22,60.32,50.0,57.7,50.03,34.69,73.04,1.86,17555705.0,12722892.0,106.91,105.5,104.09,108.62,107.25,106.12,104.75,103.62,126.42,117.93,109.44,100.95,92.46,110.6,105.98,102.26,110.0,106.25,102.5
250,2021-12-09,105.0,106.0,105.0,106.0,15077799,105.7,105.6,105.73,107.18,106.01,0.0,-0.41,-0.51,0.1,0.0,-2.5,-7.69,60.47,55.18,59.01,70.0,61.8,53.95,38.25,77.5,1.8,7538900.0,12632987.0,107.04,105.7,104.36,107.5,106.0,105.5,104.0,103.5,126.44,117.95,109.46,100.97,92.48,110.44,105.9,102.14,110.0,106.25,102.5
251,2021-12-10,105.5,106.0,104.5,105.0,20356210,105.7,105.4,105.5,107.17,105.96,-0.01,-0.41,-0.49,0.08,-0.5,-2.38,-15.0,41.25,44.78,56.67,44.44,56.01,54.64,51.9,58.75,1.78,10178105.0,12476051.0,107.04,105.7,104.36,106.75,106.5,105.75,105.5,104.75,126.46,117.97,109.48,100.99,92.5,110.27,105.7,101.97,110.0,106.25,102.5
252,2021-12-13,105.0,106.0,104.5,104.5,17305354,105.3,105.1,105.1,107.16,105.87,-0.01,-0.45,-0.48,0.03,-0.5,-2.17,-23.08,33.74,40.3,53.07,25.0,45.67,51.65,63.61,33.71,1.76,8652677.0,12265306.0,106.64,105.3,103.96,106.62,105.75,105.12,104.25,103.62,126.48,117.99,109.5,101.01,92.52,109.95,105.52,101.91,109.0,105.75,102.5
253,2021-12-14,104.5,105.5,104.0,104.5,22026866,105.0,104.9,104.83,107.15,105.76,-0.0,-0.48,-0.48,-0.0,1.0,-1.62,-16.67,33.74,40.3,45.54,14.29,35.21,46.17,68.09,13.29,1.74,11013433.0,12422320.0,106.22,105.0,103.78,106.38,105.25,104.88,103.75,103.38,126.5,118.01,109.52,101.03,92.54,109.77,105.35,101.71,108.5,105.5,102.5
254,2021-12-15,104.0,105.0,103.5,105.0,22944995,105.0,104.93,104.83,107.14,105.7,0.0,-0.46,-0.48,0.02,1.5,-1.17,-16.67,51.16,47.63,43.52,37.5,35.97,42.77,56.37,22.37,1.72,11472498.0,12200929.0,106.22,105.0,103.78,106.12,105.25,104.62,103.75,103.12,126.52,118.03,109.54,101.05,92.56,109.49,105.25,101.67,108.0,105.25,102.5
255,2021-12-16,105.5,106.0,103.5,103.5,33943652,104.5,104.46,104.33,107.13,105.56,-0.01,-0.54,-0.49,-0.05,0.0,-0.71,-29.73,24.31,33.18,40.78,0.0,23.98,36.51,61.57,-1.08,1.78,16971826.0,12288482.0,105.72,104.5,103.28,106.12,105.75,104.62,104.25,103.12,126.54,118.05,109.56,101.07,92.58,109.52,105.08,101.42,108.0,105.25,102.5
256,2021-12-17,103.5,104.0,103.0,103.5,31642630,104.2,104.14,104.0,107.11,105.34,-0.01,-0.6,-0.51,-0.09,-2.0,-0.67,-23.53,24.31,33.18,34.75,11.11,19.69,30.9,53.32,-2.73,1.72,15821315.0,12561674.0,105.54,104.2,102.86,106.62,104.75,104.12,102.25,101.62,126.57,118.08,109.59,101.1,92.61,109.31,104.92,101.25,107.5,105.0,102.5
257,2021-12-20,103.5,104.0,103.0,103.0,17983356,103.9,103.76,103.6,107.1,105.13,-0.01,-0.68,-0.55,-0.13,-2.0,-0.58,-37.5,18.1,29.08,30.89,0.0,13.13,24.98,48.68,-10.57,1.67,8991678.0,12567493.0,105.54,103.9,102.26,104.5,104.0,103.5,103.0,102.5,126.59,118.1,109.61,101.12,92.63,109.13,104.75,101.08,107.5,105.0,102.5
258,2021-12-21,103.5,104.5,103.0,104.5,13187322,103.9,104.01,103.8,107.09,105.07,0.01,-0.62,-0.56,-0.06,-0.5,-0.46,-21.21,60.48,50.7,35.35,50.0,25.42,25.13,24.55,26.0,1.66,6593661.0,12339965.0,105.54,103.9,102.26,104.25,103.5,103.25,102.5,102.25,126.61,118.12,109.63,101.14,92.65,109.01,104.68,100.93,107.5,105.0,102.5
259,2021-12-22,104.5,104.5,103.5,103.5,11494283,103.6,103.84,103.67,107.07,104.91,-0.0,-0.63,-0.57,-0.06,-3.0,-0.67,-25.71,40.78,40.88,36.52,16.67,22.5,24.25,27.75,19.0,1.61,5747142.0,11882068.0,104.7,103.6,102.5,105.62,105.25,104.12,103.75,102.62,126.63,118.14,109.65,101.16,92.67,108.8,104.58,100.98,107.5,105.0,102.5
260,2021-12-23,104.0,104.5,103.5,104.0,13822871,103.7,103.89,103.8,107.06,104.79,0.0,-0.61,-0.58,-0.03,-2.0,-0.79,-17.65,51.78,46.95,36.63,33.33,26.11,24.87,22.39,28.59,1.57,6911436.0,11791208.0,104.84,103.7,102.56,104.75,104.0,103.75,103.0,102.75,126.65,118.16,109.67,101.18,92.69,108.69,104.52,100.91,107.5,105.0,102.5
261,2021-12-24,104.5,105.0,104.0,104.0,11585049,103.8,103.93,103.9,107.05,104.74,0.0,-0.58,-0.58,-0.0,-1.0,-0.75,-17.65,51.78,46.95,41.21,33.33,28.52,26.09,21.23,33.38,1.53,5792524.0,11478100.0,104.94,103.8,102.66,105.0,104.5,104.0,103.5,103.0,126.67,118.18,109.69,101.2,92.71,108.69,104.55,100.94,107.5,105.0,102.5
262,2021-12-27,104.5,105.0,104.0,104.5,8809417,104.1,104.12,104.13,107.04,104.73,0.0,-0.51,-0.57,0.06,-1.5,-0.88,-11.76,64.64,53.61,47.93,50.0,35.68,29.29,16.51,48.46,1.49,4404708.0,11003330.0,104.94,104.1,103.26,105.25,104.5,104.25,103.5,103.25,126.69,118.2,109.71,101.22,92.73,108.46,104.6,101.21,107.5,105.25,103.0
263,2021-12-28,104.5,105.5,104.5,105.5,15514907,104.3,104.58,104.6,107.03,104.83,0.01,-0.38,-0.53,0.15,0.5,-0.79,-5.56,79.76,64.22,58.2,83.33,51.56,36.71,7.01,81.26,1.46,7757454.0,10157842.0,105.82,104.3,102.78,105.5,105.0,104.5,104.0,103.5,126.71,118.22,109.73,101.24,92.75,108.35,104.7,101.39,107.5,105.25,103.0
264,2021-12-29,105.0,105.5,104.5,105.0,13358175,104.6,104.72,104.83,107.03,104.84,0.0,-0.31,-0.49,0.18,0.5,-0.71,-5.56,61.39,56.57,58.36,80.0,61.04,44.82,12.38,93.48,1.43,6679088.0,9930714.0,105.9,104.6,103.3,106.25,106.0,105.25,105.0,104.25,126.73,118.24,109.75,101.26,92.77,108.22,104.68,101.54,107.5,105.25,103.0
265,2021-12-30,104.5,105.0,104.0,104.0,16940701,104.6,104.48,104.63,107.01,104.82,-0.01,-0.32,-0.45,0.13,-0.5,-0.83,-8.11,37.32,44.15,57.78,40.0,54.03,47.89,35.61,66.31,1.4,8470350.0,9678306.0,105.9,104.6,103.3,106.0,105.5,105.0,104.5,104.0,126.75,118.26,109.77,101.28,92.79,108.01,104.62,101.6,107.5,105.25,103.0
